scope,cycle_label,team_rank,team_name,team_slug,team_class,ranking_total_points,team_total_points,sanction_points_total,ranking_url,source_url,scraped_at,is_placeholder_team_row,season_year,rider_name,rider_slug,team_rank_within_counted_list,points_counted,points_not_counted,sanction_points
cycle_2026_2028,2026-2028,16,Pinarello Q36.5 Pro Cycling Team,pinarello-q365-pro-cycling-team-2026,PRT,8664.0,8663.5,30.0,team/pinarello-q365-pro-cycling-team-2026/results/ranking-2026-2028,https://www.procyclingstats.com/team/pinarello-q365-pro-cycling-team-2026/results/ranking-2026-2028,2026-09-18T13:37:27.410507+00:00,False,2026,PIDCOCK Tom,tom-pidcock,1,3173.5,0.0,30.0
cycle_2026_2028,2026-2028,16,Pinarello Q36.5 Pro Cycling Team,pinarello-q365-pro-cycling-team-2026,PRT,8664.0,8663.5,30.0,team/pinarello-q365-pro-cycling-team-2026/results/ranking-2026-2028,https://www.procyclingstats.com/team/pinarello-q365-pro-cycling-team-2026/results/ranking-2026-2028,2026-09-18T13:37:27.410507+00:00,False,2026,HERMANS Quinten,quinten-hermans,2,837.5,0.0,0.0
cycle_2026_2028,2026-2028,16,Pinarello Q36.5 Pro Cycling Team,pinarello-q365-pro-cycling-team-2026,PRT,8664.0,8663.5,30.0,team/pinarello-q365-pro-cycling-team-2026/results/ranking-2026-2028,https://www.procyclingstats.com/team/pinarello-q365-pro-cycling-team-2026/results/ranking-2026-2028,2026-09-18T13:37:27.410507+00:00,False,2026,DE GENDT Aimé,aime-de-gendt,3,618.0,0.0,0.0
cycle_2026_2028,2026-2028,16,Pinarello Q36.5 Pro Cycling Team,pinarello-q365-pro-cycling-team-2026,PRT,8664.0,8663.5,30.0,team/pinarello-q365-pro-cycling-team-2026/results/ranking-2026-2028,https://www.procyclingstats.com/team/pinarello-q365-pro-cycling-team-2026/results/ranking-2026-2028,2026-09-18T13:37:27.410507+00:00,False,2026,MOSCHETTI Matteo,matteo-moschetti,4,490.0,0.0,0.0
cycle_2026_2028,2026-2028,16,Pinarello Q36.5 Pro Cycling Team,pinarello-q365-pro-cycling-team-2026,PRT,8664.0,8663.5,30.0,team/pinarello-q365-pro-cycling-team-2026/results/ranking-2026-2028,https://www.procyclingstats.com/team/pinarello-q365-pro-cycling-team-2026/results/ranking-2026-2028,2026-09-18T13:37:27.410507+00:00,False,2026,CAMPRUBÍ Marcel,marcel-camprubi,5,474.0,0.0,0.0
cycle_2026_2028,2026-2028,16,Pinarello Q36.5 Pro Cycling Team,pinarello-q365-pro-cycling-team-2026,PRT,8664.0,8663.5,30.0,team/pinarello-q365-pro-cycling-team-2026/results/ranking-2026-2028,https://www.procyclingstats.com/team/pinarello-q365-pro-cycling-team-2026/results/ranking-2026-2028,2026-09-18T13:37:27.410507+00:00,False,2026,WRIGHT Fred,alfred-wright,6,392.5,0.0,0.0
cycle_2026_2028,2026-2028,16,Pinarello Q36.5 Pro Cycling Team,pinarello-q365-pro-cycling-team-2026,PRT,8664.0,8663.5,30.0,team/pinarello-q365-pro-cycling-team-2026/results/ranking-2026-2028,https://www.procyclingstats.com/team/pinarello-q365-pro-cycling-team-2026/results/ranking-2026-2028,2026-09-18T13:37:27.410507+00:00,False,2026,HARPER Chris,chris-harper,7,391.5,0.0,0.0
cycle_2026_2028,2026-2028,16,Pinarello Q36.5 Pro Cycling Team,pinarello-q365-pro-cycling-team-2026,PRT,8664.0,8663.5,30.0,team/pinarello-q365-pro-cycling-team-2026/results/ranking-2026-2028,https://www.procyclingstats.com/team/pinarello-q365-pro-cycling-team-2026/results/ranking-2026-2028,2026-09-18T13:37:27.410507+00:00,False,2026,DONOVAN Mark,mark-donovan,8,365.0,0.0,0.0
cycle_2026_2028,2026-2028,16,Pinarello Q36.5 Pro Cycling Team,pinarello-q365-pro-cycling-team-2026,PRT,8664.0,8663.5,30.0,team/pinarello-q365-pro-cycling-team-2026/results/ranking-2026-2028,https://www.procyclingstats.com/team/pinarello-q365-pro-cycling-team-2026/results/ranking-2026-2028,2026-09-18T13:37:27.410507+00:00,False,2026,VAN MOER Brent,brent-van-moer,9,320.5,0.0,0.0
cycle_2026_2028,2026-2028,16,Pinarello Q36.5 Pro Cycling Team,pinarello-q365-pro-cycling-team-2026,PRT,8664.0,8663.5,30.0,team/pinarello-q365-pro-cycling-team-2026/results/ranking-2026-2028,https://www.procyclingstats.com/team/pinarello-q365-pro-cycling-team-2026/results/ranking-2026-2028,2026-09-18T13:37:27.410507+00:00,False,2026,DUNBAR Eddie,edward-irl-dunbar,10,257.0,0.0,0.0
cycle_2026_2028,2026-2028,16,Pinarello Q36.5 Pro Cycling Team,pinarello-q365-pro-cycling-team-2026,PRT,8664.0,8663.5,30.0,team/pinarello-q365-pro-cycling-team-2026/results/ranking-2026-2028,https://www.procyclingstats.com/team/pinarello-q365-pro-cycling-team-2026/results/ranking-2026-2028,2026-09-18T13:37:27.410507+00:00,False,2026,CALZONI Walter,walter-calzoni,11,225.0,0.0,0.0
cycle_2026_2028,2026-2028,16,Pinarello Q36.5 Pro Cycling Team,pinarello-q365-pro-cycling-team-2026,PRT,8664.0,8663.5,30.0,team/pinarello-q365-pro-cycling-team-2026/results/ranking-2026-2028,https://www.procyclingstats.com/team/pinarello-q365-pro-cycling-team-2026/results/ranking-2026-2028,2026-09-18T13:37:27.410507+00:00,False,2026,GLOAG Thomas,thomas-gloag,12,171.0,0.0,0.0
cycle_2026_2028,2026-2028,16,Pinarello Q36.5 Pro Cycling Team,pinarello-q365-pro-cycling-team-2026,PRT,8664.0,8663.5,30.0,team/pinarello-q365-pro-cycling-team-2026/results/ranking-2026-2028,https://www.procyclingstats.com/team/pinarello-q365-pro-cycling-team-2026/results/ranking-2026-2028,2026-09-18T13:37:27.410507+00:00,False,2026,DE LA CRUZ David,david-de-la-cruz,13,163.0,0.0,0.0
cycle_2026_2028,2026-2028,16,Pinarello Q36.5 Pro Cycling Team,pinarello-q365-pro-cycling-team-2026,PRT,8664.0,8663.5,30.0,team/pinarello-q365-pro-cycling-team-2026/results/ranking-2026-2028,https://www.procyclingstats.com/team/pinarello-q365-pro-cycling-team-2026/results/ranking-2026-2028,2026-09-18T13:37:27.410507+00:00,False,2026,AZPARREN Xabier Mikel,xabier-mikel-azparren-irurzun,14,135.5,0.0,0.0
cycle_2026_2028,2026-2028,16,Pinarello Q36.5 Pro Cycling Team,pinarello-q365-pro-cycling-team-2026,PRT,8664.0,8663.5,30.0,team/pinarello-q365-pro-cycling-team-2026/results/ranking-2026-2028,https://www.procyclingstats.com/team/pinarello-q365-pro-cycling-team-2026/results/ranking-2026-2028,2026-09-18T13:37:27.410507+00:00,False,2026,GONZÁLEZ David,david-gonzalez-lopez,15,124.0,0.0,0.0
cycle_2026_2028,2026-2028,16,Pinarello Q36.5 Pro Cycling Team,pinarello-q365-pro-cycling-team-2026,PRT,8664.0,8663.5,30.0,team/pinarello-q365-pro-cycling-team-2026/results/ranking-2026-2028,https://www.procyclingstats.com/team/pinarello-q365-pro-cycling-team-2026/results/ranking-2026-2028,2026-09-18T13:37:27.410507+00:00,False,2026,LIEPIŅŠ Emīls,emils-liepins,16,114.0,0.0,0.0
cycle_2026_2028,2026-2028,16,Pinarello Q36.5 Pro Cycling Team,pinarello-q365-pro-cycling-team-2026,PRT,8664.0,8663.5,30.0,team/pinarello-q365-pro-cycling-team-2026/results/ranking-2026-2028,https://www.procyclingstats.com/team/pinarello-q365-pro-cycling-team-2026/results/ranking-2026-2028,2026-09-18T13:37:27.410507+00:00,False,2026,CHRISTEN Fabio,fabio-christen,17,112.0,0.0,0.0
cycle_2026_2028,2026-2028,16,Pinarello Q36.5 Pro Cycling Team,pinarello-q365-pro-cycling-team-2026,PRT,8664.0,8663.5,30.0,team/pinarello-q365-pro-cycling-team-2026/results/ranking-2026-2028,https://www.procyclingstats.com/team/pinarello-q365-pro-cycling-team-2026/results/ranking-2026-2028,2026-09-18T13:37:27.410507+00:00,False,2026,BAX Sjoerd,sjoerd-bax,18,106.0,0.0,0.0
cycle_2026_2028,2026-2028,16,Pinarello Q36.5 Pro Cycling Team,pinarello-q365-pro-cycling-team-2026,PRT,8664.0,8663.5,30.0,team/pinarello-q365-pro-cycling-team-2026/results/ranking-2026-2028,https://www.procyclingstats.com/team/pinarello-q365-pro-cycling-team-2026/results/ranking-2026-2028,2026-09-18T13:37:27.410507+00:00,False,2026,MEURISSE Xandro,xandro-meurisse,19,98.5,0.0,0.0
cycle_2026_2028,2026-2028,16,Pinarello Q36.5 Pro Cycling Team,pinarello-q365-pro-cycling-team-2026,PRT,8664.0,8663.5,30.0,team/pinarello-q365-pro-cycling-team-2026/results/ranking-2026-2028,https://www.procyclingstats.com/team/pinarello-q365-pro-cycling-team-2026/results/ranking-2026-2028,2026-09-18T13:37:27.410507+00:00,False,2026,ZUKOWSKY Nickolas,nickolas-zukowsky,20,95.0,0.0,0.0
cycle_2026_2028,2026-2028,16,Pinarello Q36.5 Pro Cycling Team,pinarello-q365-pro-cycling-team-2026,PRT,8664.0,8663.5,30.0,team/pinarello-q365-pro-cycling-team-2026/results/ranking-2026-2028,https://www.procyclingstats.com/team/pinarello-q365-pro-cycling-team-2026/results/ranking-2026-2028,2026-09-18T13:37:27.410507+00:00,False,2026,MAŁECKI Kamil,kamil-malecki,21,0.0,85.0,0.0
cycle_2026_2028,2026-2028,16,Pinarello Q36.5 Pro Cycling Team,pinarello-q365-pro-cycling-team-2026,PRT,8664.0,8663.5,30.0,team/pinarello-q365-pro-cycling-team-2026/results/ranking-2026-2028,https://www.procyclingstats.com/team/pinarello-q365-pro-cycling-team-2026/results/ranking-2026-2028,2026-09-18T13:37:27.410507+00:00,False,2026,VADER Milan,milan-vader,22,0.0,70.0,0.0
cycle_2026_2028,2026-2028,16,Pinarello Q36.5 Pro Cycling Team,pinarello-q365-pro-cycling-team-2026,PRT,8664.0,8663.5,30.0,team/pinarello-q365-pro-cycling-team-2026/results/ranking-2026-2028,https://www.procyclingstats.com/team/pinarello-q365-pro-cycling-team-2026/results/ranking-2026-2028,2026-09-18T13:37:27.410507+00:00,False,2026,BENNETT Sam,sam-bennett,23,0.0,47.0,0.0
cycle_2026_2028,2026-2028,16,Pinarello Q36.5 Pro Cycling Team,pinarello-q365-pro-cycling-team-2026,PRT,8664.0,8663.5,30.0,team/pinarello-q365-pro-cycling-team-2026/results/ranking-2026-2028,https://www.procyclingstats.com/team/pinarello-q365-pro-cycling-team-2026/results/ranking-2026-2028,2026-09-18T13:37:27.410507+00:00,False,2026,FRISON Frederik,frederik-frison,24,0.0,34.0,0.0
cycle_2026_2028,2026-2028,16,Pinarello Q36.5 Pro Cycling Team,pinarello-q365-pro-cycling-team-2026,PRT,8664.0,8663.5,30.0,team/pinarello-q365-pro-cycling-team-2026/results/ranking-2026-2028,https://www.procyclingstats.com/team/pinarello-q365-pro-cycling-team-2026/results/ranking-2026-2028,2026-09-18T13:37:27.410507+00:00,False,2026,HOWSON Damien,damien-howson,25,0.0,28.0,0.0
cycle_2026_2028,2026-2028,16,Pinarello Q36.5 Pro Cycling Team,pinarello-q365-pro-cycling-team-2026,PRT,8664.0,8663.5,30.0,team/pinarello-q365-pro-cycling-team-2026/results/ranking-2026-2028,https://www.procyclingstats.com/team/pinarello-q365-pro-cycling-team-2026/results/ranking-2026-2028,2026-09-18T13:37:27.410507+00:00,False,2026,PARISINI Nicolò,nicolo-parisini,26,0.0,27.0,0.0
cycle_2026_2028,2026-2028,16,Pinarello Q36.5 Pro Cycling Team,pinarello-q365-pro-cycling-team-2026,PRT,8664.0,8663.5,30.0,team/pinarello-q365-pro-cycling-team-2026/results/ranking-2026-2028,https://www.procyclingstats.com/team/pinarello-q365-pro-cycling-team-2026/results/ranking-2026-2028,2026-09-18T13:37:27.410507+00:00,False,2026,VANHOUCKE Harm,harm-vanhoucke,27,0.0,21.0,0.0
cycle_2026_2028,2026-2028,16,Pinarello Q36.5 Pro Cycling Team,pinarello-q365-pro-cycling-team-2026,PRT,8664.0,8663.5,30.0,team/pinarello-q365-pro-cycling-team-2026/results/ranking-2026-2028,https://www.procyclingstats.com/team/pinarello-q365-pro-cycling-team-2026/results/ranking-2026-2028,2026-09-18T13:37:27.410507+00:00,False,2026,HOUCOU Emmanuel,emmanuel-houcou,28,0.0,17.0,0.0
cycle_2026_2028,2026-2028,16,Pinarello Q36.5 Pro Cycling Team,pinarello-q365-pro-cycling-team-2026,PRT,8664.0,8663.5,30.0,team/pinarello-q365-pro-cycling-team-2026/results/ranking-2026-2028,https://www.procyclingstats.com/team/pinarello-q365-pro-cycling-team-2026/results/ranking-2026-2028,2026-09-18T13:37:27.410507+00:00,False,2026,PIDCOCK Joseph,joseph-pidcock,29,0.0,3.0,0.0
cycle_2026_2028,2026-2028,18,Tudor Pro Cycling Team,tudor-pro-cycling-team-2026,PRT,8454.0,8593.5,0.0,team/tudor-pro-cycling-team-2026/results/ranking-2026-2028,https://www.procyclingstats.com/team/tudor-pro-cycling-team-2026/results/ranking-2026-2028,2026-09-18T13:37:27.410507+00:00,False,2026,BRENNER Marco,marco-brenner,1,1117.0,0.0,0.0
cycle_2026_2028,2026-2028,18,Tudor Pro Cycling Team,tudor-pro-cycling-team-2026,PRT,8454.0,8593.5,0.0,team/tudor-pro-cycling-team-2026/results/ranking-2026-2028,https://www.procyclingstats.com/team/tudor-pro-cycling-team-2026/results/ranking-2026-2028,2026-09-18T13:37:27.410507+00:00,False,2026,RONDEL Mathys,mathys-rondel,2,1053.1,0.0,0.0
cycle_2026_2028,2026-2028,18,Tudor Pro Cycling Team,tudor-pro-cycling-team-2026,PRT,8454.0,8593.5,0.0,team/tudor-pro-cycling-team-2026/results/ranking-2026-2028,https://www.procyclingstats.com/team/tudor-pro-cycling-team-2026/results/ranking-2026-2028,2026-09-18T13:37:27.410507+00:00,False,2026,STORER Michael,michael-storer,3,894.0,0.0,0.0
cycle_2026_2028,2026-2028,18,Tudor Pro Cycling Team,tudor-pro-cycling-team-2026,PRT,8454.0,8593.5,0.0,team/tudor-pro-cycling-team-2026/results/ranking-2026-2028,https://www.procyclingstats.com/team/tudor-pro-cycling-team-2026/results/ranking-2026-2028,2026-09-18T13:37:27.410507+00:00,False,2026,MOZZATO Luca,luca-mozzato,4,774.0,0.0,0.0
cycle_2026_2028,2026-2028,18,Tudor Pro Cycling Team,tudor-pro-cycling-team-2026,PRT,8454.0,8593.5,0.0,team/tudor-pro-cycling-team-2026/results/ranking-2026-2028,https://www.procyclingstats.com/team/tudor-pro-cycling-team-2026/results/ranking-2026-2028,2026-09-18T13:37:27.410507+00:00,False,2026,TRENTIN Matteo,matteo-trentin,5,768.1,0.0,0.0
cycle_2026_2028,2026-2028,18,Tudor Pro Cycling Team,tudor-pro-cycling-team-2026,PRT,8454.0,8593.5,0.0,team/tudor-pro-cycling-team-2026/results/ranking-2026-2028,https://www.procyclingstats.com/team/tudor-pro-cycling-team-2026/results/ranking-2026-2028,2026-09-18T13:37:27.410507+00:00,False,2026,PLUIMERS Rick,rick-pluimers,6,748.1,0.0,0.0
cycle_2026_2028,2026-2028,18,Tudor Pro Cycling Team,tudor-pro-cycling-team-2026,PRT,8454.0,8593.5,0.0,team/tudor-pro-cycling-team-2026/results/ranking-2026-2028,https://www.procyclingstats.com/team/tudor-pro-cycling-team-2026/results/ranking-2026-2028,2026-09-18T13:37:27.410507+00:00,False,2026,VOISARD Yannis,yannis-voisard,7,562.0,0.0,0.0
cycle_2026_2028,2026-2028,18,Tudor Pro Cycling Team,tudor-pro-cycling-team-2026,PRT,8454.0,8593.5,0.0,team/tudor-pro-cycling-team-2026/results/ranking-2026-2028,https://www.procyclingstats.com/team/tudor-pro-cycling-team-2026/results/ranking-2026-2028,2026-09-18T13:37:27.410507+00:00,False,2026,HIRSCHI Marc,marc-hirschi,8,478.0,0.0,0.0
cycle_2026_2028,2026-2028,18,Tudor Pro Cycling Team,tudor-pro-cycling-team-2026,PRT,8454.0,8593.5,0.0,team/tudor-pro-cycling-team-2026/results/ranking-2026-2028,https://www.procyclingstats.com/team/tudor-pro-cycling-team-2026/results/ranking-2026-2028,2026-09-18T13:37:27.410507+00:00,False,2026,DE KLEIJN Arvid,arvid-de-kleijn,9,430.0,0.0,0.0
cycle_2026_2028,2026-2028,18,Tudor Pro Cycling Team,tudor-pro-cycling-team-2026,PRT,8454.0,8593.5,0.0,team/tudor-pro-cycling-team-2026/results/ranking-2026-2028,https://www.procyclingstats.com/team/tudor-pro-cycling-team-2026/results/ranking-2026-2028,2026-09-18T13:37:27.410507+00:00,False,2026,STORK Florian,florian-stork,10,377.0,0.0,0.0
cycle_2026_2028,2026-2028,18,Tudor Pro Cycling Team,tudor-pro-cycling-team-2026,PRT,8454.0,8593.5,0.0,team/tudor-pro-cycling-team-2026/results/ranking-2026-2028,https://www.procyclingstats.com/team/tudor-pro-cycling-team-2026/results/ranking-2026-2028,2026-09-18T13:37:27.410507+00:00,False,2026,KÜNG Stefan,stefan-kung,11,319.1,0.0,0.0
cycle_2026_2028,2026-2028,18,Tudor Pro Cycling Team,tudor-pro-cycling-team-2026,PRT,8454.0,8593.5,0.0,team/tudor-pro-cycling-team-2026/results/ranking-2026-2028,https://www.procyclingstats.com/team/tudor-pro-cycling-team-2026/results/ranking-2026-2028,2026-09-18T13:37:27.410507+00:00,False,2026,JASCH Lennart,lennart-jasch,12,193.0,0.0,0.0
cycle_2026_2028,2026-2028,18,Tudor Pro Cycling Team,tudor-pro-cycling-team-2026,PRT,8454.0,8593.5,0.0,team/tudor-pro-cycling-team-2026/results/ranking-2026-2028,https://www.procyclingstats.com/team/tudor-pro-cycling-team-2026/results/ranking-2026-2028,2026-09-18T13:37:27.410507+00:00,False,2026,WARBASSE Larry,lawrence-warbasse,13,160.0,0.0,0.0
cycle_2026_2028,2026-2028,18,Tudor Pro Cycling Team,tudor-pro-cycling-team-2026,PRT,8454.0,8593.5,0.0,team/tudor-pro-cycling-team-2026/results/ranking-2026-2028,https://www.procyclingstats.com/team/tudor-pro-cycling-team-2026/results/ranking-2026-2028,2026-09-18T13:37:27.410507+00:00,False,2026,BARTA Will,william-barta,14,128.0,0.0,0.0
cycle_2026_2028,2026-2028,18,Tudor Pro Cycling Team,tudor-pro-cycling-team-2026,PRT,8454.0,8593.5,0.0,team/tudor-pro-cycling-team-2026/results/ranking-2026-2028,https://www.procyclingstats.com/team/tudor-pro-cycling-team-2026/results/ranking-2026-2028,2026-09-18T13:37:27.410507+00:00,False,2026,ALAPHILIPPE Julian,julian-alaphilippe,15,111.0,0.0,0.0
cycle_2026_2028,2026-2028,18,Tudor Pro Cycling Team,tudor-pro-cycling-team-2026,PRT,8454.0,8593.5,0.0,team/tudor-pro-cycling-team-2026/results/ranking-2026-2028,https://www.procyclingstats.com/team/tudor-pro-cycling-team-2026/results/ranking-2026-2028,2026-09-18T13:37:27.410507+00:00,False,2026,FROIDEVAUX Robin,robin-froidevaux,16,110.0,0.0,0.0
cycle_2026_2028,2026-2028,18,Tudor Pro Cycling Team,tudor-pro-cycling-team-2026,PRT,8454.0,8593.5,0.0,team/tudor-pro-cycling-team-2026/results/ranking-2026-2028,https://www.procyclingstats.com/team/tudor-pro-cycling-team-2026/results/ranking-2026-2028,2026-09-18T13:37:27.410507+00:00,False,2026,KLUCKERS Arthur,arthur-kluckers,17,107.1,0.0,0.0
cycle_2026_2028,2026-2028,18,Tudor Pro Cycling Team,tudor-pro-cycling-team-2026,PRT,8454.0,8593.5,0.0,team/tudor-pro-cycling-team-2026/results/ranking-2026-2028,https://www.procyclingstats.com/team/tudor-pro-cycling-team-2026/results/ranking-2026-2028,2026-09-18T13:37:27.410507+00:00,False,2026,MIKUTIS Aivaras,aivaras-mikutis,18,105.0,0.0,0.0
cycle_2026_2028,2026-2028,18,Tudor Pro Cycling Team,tudor-pro-cycling-team-2026,PRT,8454.0,8593.5,0.0,team/tudor-pro-cycling-team-2026/results/ranking-2026-2028,https://www.procyclingstats.com/team/tudor-pro-cycling-team-2026/results/ranking-2026-2028,2026-09-18T13:37:27.410507+00:00,False,2026,ZIJLAARD Maikel,maikel-zijlaard,19,96.0,0.0,0.0
cycle_2026_2028,2026-2028,18,Tudor Pro Cycling Team,tudor-pro-cycling-team-2026,PRT,8454.0,8593.5,0.0,team/tudor-pro-cycling-team-2026/results/ranking-2026-2028,https://www.procyclingstats.com/team/tudor-pro-cycling-team-2026/results/ranking-2026-2028,2026-09-18T13:37:27.410507+00:00,False,2026,MAYRHOFER Marius,marius-mayrhofer,20,63.0,0.0,0.0
cycle_2026_2028,2026-2028,18,Tudor Pro Cycling Team,tudor-pro-cycling-team-2026,PRT,8454.0,8593.5,0.0,team/tudor-pro-cycling-team-2026/results/ranking-2026-2028,https://www.procyclingstats.com/team/tudor-pro-cycling-team-2026/results/ranking-2026-2028,2026-09-18T13:37:27.410507+00:00,False,2026,HALLER Marco,marco-haller,21,0.0,54.0,0.0
cycle_2026_2028,2026-2028,18,Tudor Pro Cycling Team,tudor-pro-cycling-team-2026,PRT,8454.0,8593.5,0.0,team/tudor-pro-cycling-team-2026/results/ranking-2026-2028,https://www.procyclingstats.com/team/tudor-pro-cycling-team-2026/results/ranking-2026-2028,2026-09-18T13:37:27.410507+00:00,False,2026,DONZÉ Robin,robin-donze,22,0.0,50.0,0.0
cycle_2026_2028,2026-2028,18,Tudor Pro Cycling Team,tudor-pro-cycling-team-2026,PRT,8454.0,8593.5,0.0,team/tudor-pro-cycling-team-2026/results/ranking-2026-2028,https://www.procyclingstats.com/team/tudor-pro-cycling-team-2026/results/ranking-2026-2028,2026-09-18T13:37:27.410507+00:00,False,2026,KOLZE CHANGIZI Sebastian,sebastian-kolze-changizi,23,0.0,37.0,0.0
cycle_2026_2028,2026-2028,18,Tudor Pro Cycling Team,tudor-pro-cycling-team-2026,PRT,8454.0,8593.5,0.0,team/tudor-pro-cycling-team-2026/results/ranking-2026-2028,https://www.procyclingstats.com/team/tudor-pro-cycling-team-2026/results/ranking-2026-2028,2026-09-18T13:37:27.410507+00:00,False,2026,WILKSCH Hannes,hannes-wilksch,24,0.0,30.0,0.0
cycle_2026_2028,2026-2028,18,Tudor Pro Cycling Team,tudor-pro-cycling-team-2026,PRT,8454.0,8593.5,0.0,team/tudor-pro-cycling-team-2026/results/ranking-2026-2028,https://www.procyclingstats.com/team/tudor-pro-cycling-team-2026/results/ranking-2026-2028,2026-09-18T13:37:27.410507+00:00,False,2026,KELEMEN Petr,petr-kelemen,25,0.0,23.0,0.0
cycle_2026_2028,2026-2028,18,Tudor Pro Cycling Team,tudor-pro-cycling-team-2026,PRT,8454.0,8593.5,0.0,team/tudor-pro-cycling-team-2026/results/ranking-2026-2028,https://www.procyclingstats.com/team/tudor-pro-cycling-team-2026/results/ranking-2026-2028,2026-09-18T13:37:27.410507+00:00,False,2026,WEISS Fabian,fabian-weiss,26,0.0,17.0,0.0
cycle_2026_2028,2026-2028,18,Tudor Pro Cycling Team,tudor-pro-cycling-team-2026,PRT,8454.0,8593.5,0.0,team/tudor-pro-cycling-team-2026/results/ranking-2026-2028,https://www.procyclingstats.com/team/tudor-pro-cycling-team-2026/results/ranking-2026-2028,2026-09-18T13:37:27.410507+00:00,False,2026,WIRTGEN Luc,luc-wirtgen,27,0.0,10.0,0.0
cycle_2026_2028,2026-2028,18,Tudor Pro Cycling Team,tudor-pro-cycling-team-2026,PRT,8454.0,8593.5,0.0,team/tudor-pro-cycling-team-2026/results/ranking-2026-2028,https://www.procyclingstats.com/team/tudor-pro-cycling-team-2026/results/ranking-2026-2028,2026-09-18T13:37:27.410507+00:00,False,2026,ERIKSSON Jacob,jacob-eriksson,28,0.0,6.0,0.0
cycle_2026_2028,2026-2028,18,Tudor Pro Cycling Team,tudor-pro-cycling-team-2026,PRT,8454.0,8593.5,0.0,team/tudor-pro-cycling-team-2026/results/ranking-2026-2028,https://www.procyclingstats.com/team/tudor-pro-cycling-team-2026/results/ranking-2026-2028,2026-09-18T13:37:27.410507+00:00,False,2026,THALMANN Roland,roland-thalmann,29,0.0,6.0,0.0
cycle_2026_2028,2026-2028,19,Cofidis,cofidis-2026,PRT,8317.0,8316.8,40.0,team/cofidis-2026/results/ranking-2026-2028,https://www.procyclingstats.com/team/cofidis-2026/results/ranking-2026-2028,2026-09-18T13:37:27.410507+00:00,False,2026,ARANBURU Alex,alex-aranburu,1,1611.0,0.0,0.0
cycle_2026_2028,2026-2028,19,Cofidis,cofidis-2026,PRT,8317.0,8316.8,40.0,team/cofidis-2026/results/ranking-2026-2028,https://www.procyclingstats.com/team/cofidis-2026/results/ranking-2026-2028,2026-09-18T13:37:27.410507+00:00,False,2026,IZAGIRRE Ion,ion-izagirre,2,1470.3,0.0,0.0
cycle_2026_2028,2026-2028,19,Cofidis,cofidis-2026,PRT,8317.0,8316.8,40.0,team/cofidis-2026/results/ranking-2026-2028,https://www.procyclingstats.com/team/cofidis-2026/results/ranking-2026-2028,2026-09-18T13:37:27.410507+00:00,False,2026,FRETIN Milan,milan-fretin,3,1118.3,0.0,0.0
cycle_2026_2028,2026-2028,19,Cofidis,cofidis-2026,PRT,8317.0,8316.8,40.0,team/cofidis-2026/results/ranking-2026-2028,https://www.procyclingstats.com/team/cofidis-2026/results/ranking-2026-2028,2026-09-18T13:37:27.410507+00:00,False,2026,COQUARD Bryan,bryan-coquard,4,947.3,0.0,0.0
cycle_2026_2028,2026-2028,19,Cofidis,cofidis-2026,PRT,8317.0,8316.8,40.0,team/cofidis-2026/results/ranking-2026-2028,https://www.procyclingstats.com/team/cofidis-2026/results/ranking-2026-2028,2026-09-18T13:37:27.410507+00:00,False,2026,ANIOŁKOWSKI Stanisław,stanislaw-aniolkowski,5,533.0,0.0,10.0
cycle_2026_2028,2026-2028,19,Cofidis,cofidis-2026,PRT,8317.0,8316.8,40.0,team/cofidis-2026/results/ranking-2026-2028,https://www.procyclingstats.com/team/cofidis-2026/results/ranking-2026-2028,2026-09-18T13:37:27.410507+00:00,False,2026,RENARD Alexis,alexis-renard,6,506.0,0.0,0.0
cycle_2026_2028,2026-2028,19,Cofidis,cofidis-2026,PRT,8317.0,8316.8,40.0,team/cofidis-2026/results/ranking-2026-2028,https://www.procyclingstats.com/team/cofidis-2026/results/ranking-2026-2028,2026-09-18T13:37:27.410507+00:00,False,2026,BIERMANS Jenthe,jenthe-biermans,7,326.0,0.0,0.0
cycle_2026_2028,2026-2028,19,Cofidis,cofidis-2026,PRT,8317.0,8316.8,40.0,team/cofidis-2026/results/ranking-2026-2028,https://www.procyclingstats.com/team/cofidis-2026/results/ranking-2026-2028,2026-09-18T13:37:27.410507+00:00,False,2026,MEEHAN Jamie,jamie-meehan,8,275.0,0.0,0.0
cycle_2026_2028,2026-2028,19,Cofidis,cofidis-2026,PRT,8317.0,8316.8,40.0,team/cofidis-2026/results/ranking-2026-2028,https://www.procyclingstats.com/team/cofidis-2026/results/ranking-2026-2028,2026-09-18T13:37:27.410507+00:00,False,2026,TEUNS Dylan,dylan-teuns,9,256.0,0.0,0.0
cycle_2026_2028,2026-2028,19,Cofidis,cofidis-2026,PRT,8317.0,8316.8,40.0,team/cofidis-2026/results/ranking-2026-2028,https://www.procyclingstats.com/team/cofidis-2026/results/ranking-2026-2028,2026-09-18T13:37:27.410507+00:00,False,2026,IZQUIERDO Clément,clement-izquierdo,10,246.0,0.0,15.0
cycle_2026_2028,2026-2028,19,Cofidis,cofidis-2026,PRT,8317.0,8316.8,40.0,team/cofidis-2026/results/ranking-2026-2028,https://www.procyclingstats.com/team/cofidis-2026/results/ranking-2026-2028,2026-09-18T13:37:27.410507+00:00,False,2026,PAGE Hugo,hugo-page,11,240.0,0.0,0.0
cycle_2026_2028,2026-2028,19,Cofidis,cofidis-2026,PRT,8317.0,8316.8,40.0,team/cofidis-2026/results/ranking-2026-2028,https://www.procyclingstats.com/team/cofidis-2026/results/ranking-2026-2028,2026-09-18T13:37:27.410507+00:00,False,2026,FERRON Valentin,valentin-ferron,12,134.0,0.0,0.0
cycle_2026_2028,2026-2028,19,Cofidis,cofidis-2026,PRT,8317.0,8316.8,40.0,team/cofidis-2026/results/ranking-2026-2028,https://www.procyclingstats.com/team/cofidis-2026/results/ranking-2026-2028,2026-09-18T13:37:27.410507+00:00,False,2026,BUCHMANN Emanuel,emanuel-buchmann,13,110.0,0.0,0.0
cycle_2026_2028,2026-2028,19,Cofidis,cofidis-2026,PRT,8317.0,8316.8,40.0,team/cofidis-2026/results/ranking-2026-2028,https://www.procyclingstats.com/team/cofidis-2026/results/ranking-2026-2028,2026-09-18T13:37:27.410507+00:00,False,2026,MAISONOBE Sam,sam-maisonobe,14,109.0,0.0,0.0
cycle_2026_2028,2026-2028,19,Cofidis,cofidis-2026,PRT,8317.0,8316.8,40.0,team/cofidis-2026/results/ranking-2026-2028,https://www.procyclingstats.com/team/cofidis-2026/results/ranking-2026-2028,2026-09-18T13:37:27.410507+00:00,False,2026,THOMAS Benjamin,benjamin-thomas-2,15,105.3,0.0,0.0
cycle_2026_2028,2026-2028,19,Cofidis,cofidis-2026,PRT,8317.0,8316.8,40.0,team/cofidis-2026/results/ranking-2026-2028,https://www.procyclingstats.com/team/cofidis-2026/results/ranking-2026-2028,2026-09-18T13:37:27.410507+00:00,False,2026,CARR Simon,simon-carr,16,101.0,0.0,15.0
cycle_2026_2028,2026-2028,19,Cofidis,cofidis-2026,PRT,8317.0,8316.8,40.0,team/cofidis-2026/results/ranking-2026-2028,https://www.procyclingstats.com/team/cofidis-2026/results/ranking-2026-2028,2026-09-18T13:37:27.410507+00:00,False,2026,ROULAND Louis,louis-rouland,17,91.3,0.0,0.0
cycle_2026_2028,2026-2028,19,Cofidis,cofidis-2026,PRT,8317.0,8316.8,40.0,team/cofidis-2026/results/ranking-2026-2028,https://www.procyclingstats.com/team/cofidis-2026/results/ranking-2026-2028,2026-09-18T13:37:27.410507+00:00,False,2026,KIRSCH Alex,alex-kirsch,18,61.3,0.0,0.0
cycle_2026_2028,2026-2028,19,Cofidis,cofidis-2026,PRT,8317.0,8316.8,40.0,team/cofidis-2026/results/ranking-2026-2028,https://www.procyclingstats.com/team/cofidis-2026/results/ranking-2026-2028,2026-09-18T13:37:27.410507+00:00,False,2026,SAMITIER Sergio,sergio-samitier,19,46.0,0.0,0.0
cycle_2026_2028,2026-2028,19,Cofidis,cofidis-2026,PRT,8317.0,8316.8,40.0,team/cofidis-2026/results/ranking-2026-2028,https://www.procyclingstats.com/team/cofidis-2026/results/ranking-2026-2028,2026-09-18T13:37:27.410507+00:00,False,2026,ZAMPERINI Edoardo,edoardo-zamperini,20,30.0,0.0,0.0
cycle_2026_2028,2026-2028,19,Cofidis,cofidis-2026,PRT,8317.0,8316.8,40.0,team/cofidis-2026/results/ranking-2026-2028,https://www.procyclingstats.com/team/cofidis-2026/results/ranking-2026-2028,2026-09-18T13:37:27.410507+00:00,False,2026,MONIQUET Sylvain,sylvain-moniquet,21,0.0,27.0,0.0
cycle_2026_2028,2026-2028,19,Cofidis,cofidis-2026,PRT,8317.0,8316.8,40.0,team/cofidis-2026/results/ranking-2026-2028,https://www.procyclingstats.com/team/cofidis-2026/results/ranking-2026-2028,2026-09-18T13:37:27.410507+00:00,False,2026,JOALLAND Yaël,yael-joalland,22,0.0,14.0,0.0
cycle_2026_2028,2026-2028,19,Cofidis,cofidis-2026,PRT,8317.0,8316.8,40.0,team/cofidis-2026/results/ranking-2026-2028,https://www.procyclingstats.com/team/cofidis-2026/results/ranking-2026-2028,2026-09-18T13:37:27.410507+00:00,False,2026,OURSELIN Paul,paul-ourselin,23,0.0,13.0,0.0
cycle_2026_2028,2026-2028,19,Cofidis,cofidis-2026,PRT,8317.0,8316.8,40.0,team/cofidis-2026/results/ranking-2026-2028,https://www.procyclingstats.com/team/cofidis-2026/results/ranking-2026-2028,2026-09-18T13:37:27.410507+00:00,False,2026,MAAS Jan,jan-maas,24,0.0,5.0,0.0
cycle_2026_2028,2026-2028,19,Cofidis,cofidis-2026,PRT,8317.0,8316.8,40.0,team/cofidis-2026/results/ranking-2026-2028,https://www.procyclingstats.com/team/cofidis-2026/results/ranking-2026-2028,2026-09-18T13:37:27.410507+00:00,False,2026,CHARRET Camille,camille-charret,25,0.0,5.0,0.0
cycle_2026_2028,2026-2028,19,Cofidis,cofidis-2026,PRT,8317.0,8316.8,40.0,team/cofidis-2026/results/ranking-2026-2028,https://www.procyclingstats.com/team/cofidis-2026/results/ranking-2026-2028,2026-09-18T13:37:27.410507+00:00,False,2026,ALLEGAERT Piet,piet-allegaert,26,0.0,0.0,0.0
cycle_2026_2028,2026-2028,21,Unibet Rose Rockets,unibet-rose-rockets-2026,PRT,6298.0,6316.0,55.0,team/unibet-rose-rockets-2026/results/ranking-2026-2028,https://www.procyclingstats.com/team/unibet-rose-rockets-2026/results/ranking-2026-2028,2026-09-18T13:37:27.410507+00:00,False,2026,GROENEWEGEN Dylan,dylan-groenewegen,1,1334.0,0.0,0.0
cycle_2026_2028,2026-2028,21,Unibet Rose Rockets,unibet-rose-rockets-2026,PRT,6298.0,6316.0,55.0,team/unibet-rose-rockets-2026/results/ranking-2026-2028,https://www.procyclingstats.com/team/unibet-rose-rockets-2026/results/ranking-2026-2028,2026-09-18T13:37:27.410507+00:00,False,2026,VENTURINI Clément,clement-venturini,2,1055.0,0.0,0.0
cycle_2026_2028,2026-2028,21,Unibet Rose Rockets,unibet-rose-rockets-2026,PRT,6298.0,6316.0,55.0,team/unibet-rose-rockets-2026/results/ranking-2026-2028,https://www.procyclingstats.com/team/unibet-rose-rockets-2026/results/ranking-2026-2028,2026-09-18T13:37:27.410507+00:00,False,2026,KUBIŠ Lukáš,lukas-kubis,3,933.0,0.0,0.0
cycle_2026_2028,2026-2028,21,Unibet Rose Rockets,unibet-rose-rockets-2026,PRT,6298.0,6316.0,55.0,team/unibet-rose-rockets-2026/results/ranking-2026-2028,https://www.procyclingstats.com/team/unibet-rose-rockets-2026/results/ranking-2026-2028,2026-09-18T13:37:27.410507+00:00,False,2026,MÜLLER Tobias,tobias-muller1,4,456.0,0.0,0.0
cycle_2026_2028,2026-2028,21,Unibet Rose Rockets,unibet-rose-rockets-2026,PRT,6298.0,6316.0,55.0,team/unibet-rose-rockets-2026/results/ranking-2026-2028,https://www.procyclingstats.com/team/unibet-rose-rockets-2026/results/ranking-2026-2028,2026-09-18T13:37:27.410507+00:00,False,2026,LOOCKX Lander,lander-loockx,5,438.0,0.0,15.0
cycle_2026_2028,2026-2028,21,Unibet Rose Rockets,unibet-rose-rockets-2026,PRT,6298.0,6316.0,55.0,team/unibet-rose-rockets-2026/results/ranking-2026-2028,https://www.procyclingstats.com/team/unibet-rose-rockets-2026/results/ranking-2026-2028,2026-09-18T13:37:27.410507+00:00,False,2026,POELS Wout,wout-poels,6,371.0,0.0,0.0
cycle_2026_2028,2026-2028,21,Unibet Rose Rockets,unibet-rose-rockets-2026,PRT,6298.0,6316.0,55.0,team/unibet-rose-rockets-2026/results/ranking-2026-2028,https://www.procyclingstats.com/team/unibet-rose-rockets-2026/results/ranking-2026-2028,2026-09-18T13:37:27.410507+00:00,False,2026,JOHANNINK Jelle,jelle-johannink,7,262.0,0.0,0.0
cycle_2026_2028,2026-2028,21,Unibet Rose Rockets,unibet-rose-rockets-2026,PRT,6298.0,6316.0,55.0,team/unibet-rose-rockets-2026/results/ranking-2026-2028,https://www.procyclingstats.com/team/unibet-rose-rockets-2026/results/ranking-2026-2028,2026-09-18T13:37:27.410507+00:00,False,2026,KOPECKÝ Matyáš,matyas-kopecky,8,259.0,0.0,0.0
cycle_2026_2028,2026-2028,21,Unibet Rose Rockets,unibet-rose-rockets-2026,PRT,6298.0,6316.0,55.0,team/unibet-rose-rockets-2026/results/ranking-2026-2028,https://www.procyclingstats.com/team/unibet-rose-rockets-2026/results/ranking-2026-2028,2026-09-18T13:37:27.410507+00:00,False,2026,BLOEM Joren,joren-bloem2,9,165.0,0.0,0.0
cycle_2026_2028,2026-2028,21,Unibet Rose Rockets,unibet-rose-rockets-2026,PRT,6298.0,6316.0,55.0,team/unibet-rose-rockets-2026/results/ranking-2026-2028,https://www.procyclingstats.com/team/unibet-rose-rockets-2026/results/ranking-2026-2028,2026-09-18T13:37:27.410507+00:00,False,2026,LARSEN Niklas,niklas-larsen,10,158.0,0.0,0.0
cycle_2026_2028,2026-2028,21,Unibet Rose Rockets,unibet-rose-rockets-2026,PRT,6298.0,6316.0,55.0,team/unibet-rose-rockets-2026/results/ranking-2026-2028,https://www.procyclingstats.com/team/unibet-rose-rockets-2026/results/ranking-2026-2028,2026-09-18T13:37:27.410507+00:00,False,2026,MOURIS Wessel,wessel-mouris,11,125.0,0.0,0.0
cycle_2026_2028,2026-2028,21,Unibet Rose Rockets,unibet-rose-rockets-2026,PRT,6298.0,6316.0,55.0,team/unibet-rose-rockets-2026/results/ranking-2026-2028,https://www.procyclingstats.com/team/unibet-rose-rockets-2026/results/ranking-2026-2028,2026-09-18T13:37:27.410507+00:00,False,2026,CHRISTOPHERSEN Cedrik Bakke,cedrik-bakke-christophersen,12,123.0,0.0,0.0
cycle_2026_2028,2026-2028,21,Unibet Rose Rockets,unibet-rose-rockets-2026,PRT,6298.0,6316.0,55.0,team/unibet-rose-rockets-2026/results/ranking-2026-2028,https://www.procyclingstats.com/team/unibet-rose-rockets-2026/results/ranking-2026-2028,2026-09-18T13:37:27.410507+00:00,False,2026,KOPECKÝ Tomáš,tomas-kopecky,13,118.0,0.0,0.0
cycle_2026_2028,2026-2028,21,Unibet Rose Rockets,unibet-rose-rockets-2026,PRT,6298.0,6316.0,55.0,team/unibet-rose-rockets-2026/results/ranking-2026-2028,https://www.procyclingstats.com/team/unibet-rose-rockets-2026/results/ranking-2026-2028,2026-09-18T13:37:27.410507+00:00,False,2026,EIKING Odd Christian,odd-christian-eiking,14,114.0,0.0,0.0
cycle_2026_2028,2026-2028,21,Unibet Rose Rockets,unibet-rose-rockets-2026,PRT,6298.0,6316.0,55.0,team/unibet-rose-rockets-2026/results/ranking-2026-2028,https://www.procyclingstats.com/team/unibet-rose-rockets-2026/results/ranking-2026-2028,2026-09-18T13:37:27.410507+00:00,False,2026,MERIS Sergio,sergio-meris,15,80.0,0.0,0.0
cycle_2026_2028,2026-2028,21,Unibet Rose Rockets,unibet-rose-rockets-2026,PRT,6298.0,6316.0,55.0,team/unibet-rose-rockets-2026/results/ranking-2026-2028,https://www.procyclingstats.com/team/unibet-rose-rockets-2026/results/ranking-2026-2028,2026-09-18T13:37:27.410507+00:00,False,2026,TOWNSEND Rory,rory-townsend,16,80.0,0.0,0.0
cycle_2026_2028,2026-2028,21,Unibet Rose Rockets,unibet-rose-rockets-2026,PRT,6298.0,6316.0,55.0,team/unibet-rose-rockets-2026/results/ranking-2026-2028,https://www.procyclingstats.com/team/unibet-rose-rockets-2026/results/ranking-2026-2028,2026-09-18T13:37:27.410507+00:00,False,2026,REINDERS Elmar,elmar-reinders,17,79.0,0.0,25.0
cycle_2026_2028,2026-2028,21,Unibet Rose Rockets,unibet-rose-rockets-2026,PRT,6298.0,6316.0,55.0,team/unibet-rose-rockets-2026/results/ranking-2026-2028,https://www.procyclingstats.com/team/unibet-rose-rockets-2026/results/ranking-2026-2028,2026-09-18T13:37:27.410507+00:00,False,2026,AUGÉ Ronan,ronan-auge,18,64.0,0.0,0.0
cycle_2026_2028,2026-2028,21,Unibet Rose Rockets,unibet-rose-rockets-2026,PRT,6298.0,6316.0,55.0,team/unibet-rose-rockets-2026/results/ranking-2026-2028,https://www.procyclingstats.com/team/unibet-rose-rockets-2026/results/ranking-2026-2028,2026-09-18T13:37:27.410507+00:00,False,2026,VERSCHUREN Killian,killian-verschuren,19,54.0,0.0,0.0
cycle_2026_2028,2026-2028,21,Unibet Rose Rockets,unibet-rose-rockets-2026,PRT,6298.0,6316.0,55.0,team/unibet-rose-rockets-2026/results/ranking-2026-2028,https://www.procyclingstats.com/team/unibet-rose-rockets-2026/results/ranking-2026-2028,2026-09-18T13:37:27.410507+00:00,False,2026,PETER Jannis,jannis-peter,20,48.0,0.0,0.0
cycle_2026_2028,2026-2028,21,Unibet Rose Rockets,unibet-rose-rockets-2026,PRT,6298.0,6316.0,55.0,team/unibet-rose-rockets-2026/results/ranking-2026-2028,https://www.procyclingstats.com/team/unibet-rose-rockets-2026/results/ranking-2026-2028,2026-09-18T13:37:27.410507+00:00,False,2026,MAIRE Adrien,adrien-maire,21,0.0,48.0,0.0
cycle_2026_2028,2026-2028,21,Unibet Rose Rockets,unibet-rose-rockets-2026,PRT,6298.0,6316.0,55.0,team/unibet-rose-rockets-2026/results/ranking-2026-2028,https://www.procyclingstats.com/team/unibet-rose-rockets-2026/results/ranking-2026-2028,2026-09-18T13:37:27.410507+00:00,False,2026,FELDMANN Karsten Larsen,karsten-larsen-feldmann,22,0.0,31.0,0.0
cycle_2026_2028,2026-2028,21,Unibet Rose Rockets,unibet-rose-rockets-2026,PRT,6298.0,6316.0,55.0,team/unibet-rose-rockets-2026/results/ranking-2026-2028,https://www.procyclingstats.com/team/unibet-rose-rockets-2026/results/ranking-2026-2028,2026-09-18T13:37:27.410507+00:00,False,2026,DE VRIES Hartthijs,hartthijs-de-vries,23,0.0,30.0,0.0
cycle_2026_2028,2026-2028,21,Unibet Rose Rockets,unibet-rose-rockets-2026,PRT,6298.0,6316.0,55.0,team/unibet-rose-rockets-2026/results/ranking-2026-2028,https://www.procyclingstats.com/team/unibet-rose-rockets-2026/results/ranking-2026-2028,2026-09-18T13:37:27.410507+00:00,False,2026,FOUGNER Eivind Broholt,eivind-broholt-fougner,24,0.0,14.0,0.0
cycle_2026_2028,2026-2028,21,Unibet Rose Rockets,unibet-rose-rockets-2026,PRT,6298.0,6316.0,55.0,team/unibet-rose-rockets-2026/results/ranking-2026-2028,https://www.procyclingstats.com/team/unibet-rose-rockets-2026/results/ranking-2026-2028,2026-09-18T13:37:27.410507+00:00,False,2026,STOCKMAN Abram,abram-stockman,25,0.0,11.0,0.0
cycle_2026_2028,2026-2028,21,Unibet Rose Rockets,unibet-rose-rockets-2026,PRT,6298.0,6316.0,55.0,team/unibet-rose-rockets-2026/results/ranking-2026-2028,https://www.procyclingstats.com/team/unibet-rose-rockets-2026/results/ranking-2026-2028,2026-09-18T13:37:27.410507+00:00,False,2026,ŤOUPALÍK Adam,adam-toupalik,26,0.0,10.0,0.0
cycle_2026_2028,2026-2028,21,Unibet Rose Rockets,unibet-rose-rockets-2026,PRT,6298.0,6316.0,55.0,team/unibet-rose-rockets-2026/results/ranking-2026-2028,https://www.procyclingstats.com/team/unibet-rose-rockets-2026/results/ranking-2026-2028,2026-09-18T13:37:27.410507+00:00,False,2026,GELEIJN Owen,owen-geleijn,27,0.0,6.0,0.0
cycle_2026_2028,2026-2028,21,Unibet Rose Rockets,unibet-rose-rockets-2026,PRT,6298.0,6316.0,55.0,team/unibet-rose-rockets-2026/results/ranking-2026-2028,https://www.procyclingstats.com/team/unibet-rose-rockets-2026/results/ranking-2026-2028,2026-09-18T13:37:27.410507+00:00,False,2026,RASENBERG Martijn,martijn-rasenberg,28,0.0,6.0,15.0
cycle_2026_2028,2026-2028,22,TotalEnergies,totalenergies-2026,PRT,5806.0,5805.5,10.0,team/totalenergies-2026/results/ranking-2026-2028,https://www.procyclingstats.com/team/totalenergies-2026/results/ranking-2026-2028,2026-09-18T13:37:27.410507+00:00,False,2026,JEGAT Jordan,jordan-jegat,1,900.6,0.0,0.0
cycle_2026_2028,2026-2028,22,TotalEnergies,totalenergies-2026,PRT,5806.0,5805.5,10.0,team/totalenergies-2026/results/ranking-2026-2028,https://www.procyclingstats.com/team/totalenergies-2026/results/ranking-2026-2028,2026-09-18T13:37:27.410507+00:00,False,2026,TURGIS Anthony,anthony-turgis,2,788.8,0.0,0.0
cycle_2026_2028,2026-2028,22,TotalEnergies,totalenergies-2026,PRT,5806.0,5805.5,10.0,team/totalenergies-2026/results/ranking-2026-2028,https://www.procyclingstats.com/team/totalenergies-2026/results/ranking-2026-2028,2026-09-18T13:37:27.410507+00:00,False,2026,DELETTRE Alexandre,alexandre-delettre,3,564.6,0.0,0.0
cycle_2026_2028,2026-2028,22,TotalEnergies,totalenergies-2026,PRT,5806.0,5805.5,10.0,team/totalenergies-2026/results/ranking-2026-2028,https://www.procyclingstats.com/team/totalenergies-2026/results/ranking-2026-2028,2026-09-18T13:37:27.410507+00:00,False,2026,JEANNIÈRE Emilien,emilien-jeanniere,4,452.0,0.0,0.0
cycle_2026_2028,2026-2028,22,TotalEnergies,totalenergies-2026,PRT,5806.0,5805.5,10.0,team/totalenergies-2026/results/ranking-2026-2028,https://www.procyclingstats.com/team/totalenergies-2026/results/ranking-2026-2028,2026-09-18T13:37:27.410507+00:00,False,2026,BREUILLARD Nicolas,nicolas-breuillard,5,401.8,0.0,0.0
cycle_2026_2028,2026-2028,22,TotalEnergies,totalenergies-2026,PRT,5806.0,5805.5,10.0,team/totalenergies-2026/results/ranking-2026-2028,https://www.procyclingstats.com/team/totalenergies-2026/results/ranking-2026-2028,2026-09-18T13:37:27.410507+00:00,False,2026,TESSON Jason,jason-tesson,6,382.0,0.0,0.0
cycle_2026_2028,2026-2028,22,TotalEnergies,totalenergies-2026,PRT,5806.0,5805.5,10.0,team/totalenergies-2026/results/ranking-2026-2028,https://www.procyclingstats.com/team/totalenergies-2026/results/ranking-2026-2028,2026-09-18T13:37:27.410507+00:00,False,2026,VERCHER Mattéo,matheo-vercher,7,302.6,0.0,0.0
cycle_2026_2028,2026-2028,22,TotalEnergies,totalenergies-2026,PRT,5806.0,5805.5,10.0,team/totalenergies-2026/results/ranking-2026-2028,https://www.procyclingstats.com/team/totalenergies-2026/results/ranking-2026-2028,2026-09-18T13:37:27.410507+00:00,False,2026,DELBOVE Joris,joris-delbove,8,284.6,0.0,0.0
cycle_2026_2028,2026-2028,22,TotalEnergies,totalenergies-2026,PRT,5806.0,5805.5,10.0,team/totalenergies-2026/results/ranking-2026-2028,https://www.procyclingstats.com/team/totalenergies-2026/results/ranking-2026-2028,2026-09-18T13:37:27.410507+00:00,False,2026,DUJARDIN Sandy,sandy-dujardin,9,284.0,0.0,10.0
cycle_2026_2028,2026-2028,22,TotalEnergies,totalenergies-2026,PRT,5806.0,5805.5,10.0,team/totalenergies-2026/results/ranking-2026-2028,https://www.procyclingstats.com/team/totalenergies-2026/results/ranking-2026-2028,2026-09-18T13:37:27.410507+00:00,False,2026,VADIC Baptiste,baptiste-vadic,10,270.1,0.0,0.0
cycle_2026_2028,2026-2028,22,TotalEnergies,totalenergies-2026,PRT,5806.0,5805.5,10.0,team/totalenergies-2026/results/ranking-2026-2028,https://www.procyclingstats.com/team/totalenergies-2026/results/ranking-2026-2028,2026-09-18T13:37:27.410507+00:00,False,2026,THIERRY Pierre,pierre-thierry,11,223.0,0.0,0.0
cycle_2026_2028,2026-2028,22,TotalEnergies,totalenergies-2026,PRT,5806.0,5805.5,10.0,team/totalenergies-2026/results/ranking-2026-2028,https://www.procyclingstats.com/team/totalenergies-2026/results/ranking-2026-2028,2026-09-18T13:37:27.410507+00:00,False,2026,BONNET Thomas,thomas-bonnet,12,201.1,0.0,0.0
cycle_2026_2028,2026-2028,22,TotalEnergies,totalenergies-2026,PRT,5806.0,5805.5,10.0,team/totalenergies-2026/results/ranking-2026-2028,https://www.procyclingstats.com/team/totalenergies-2026/results/ranking-2026-2028,2026-09-18T13:37:27.410507+00:00,False,2026,BURGAUDEAU Mathieu,mathieu-burgaudeau,13,170.0,0.0,0.0
cycle_2026_2028,2026-2028,22,TotalEnergies,totalenergies-2026,PRT,5806.0,5805.5,10.0,team/totalenergies-2026/results/ranking-2026-2028,https://www.procyclingstats.com/team/totalenergies-2026/results/ranking-2026-2028,2026-09-18T13:37:27.410507+00:00,False,2026,GACHIGNARD Thomas,thomas-gachignard,14,130.0,0.0,0.0
cycle_2026_2028,2026-2028,22,TotalEnergies,totalenergies-2026,PRT,5806.0,5805.5,10.0,team/totalenergies-2026/results/ranking-2026-2028,https://www.procyclingstats.com/team/totalenergies-2026/results/ranking-2026-2028,2026-09-18T13:37:27.410507+00:00,False,2026,LE BERRE Mathis,mathis-le-berre,15,127.6,0.0,0.0
cycle_2026_2028,2026-2028,22,TotalEnergies,totalenergies-2026,PRT,5806.0,5805.5,10.0,team/totalenergies-2026/results/ranking-2026-2028,https://www.procyclingstats.com/team/totalenergies-2026/results/ranking-2026-2028,2026-09-18T13:37:27.410507+00:00,False,2026,DAUPHIN Florian,florian-dauphin,16,96.0,0.0,0.0
cycle_2026_2028,2026-2028,22,TotalEnergies,totalenergies-2026,PRT,5806.0,5805.5,10.0,team/totalenergies-2026/results/ranking-2026-2028,https://www.procyclingstats.com/team/totalenergies-2026/results/ranking-2026-2028,2026-09-18T13:37:27.410507+00:00,False,2026,LEROUX Samuel,samuel-leroux,17,84.1,0.0,0.0
cycle_2026_2028,2026-2028,22,TotalEnergies,totalenergies-2026,PRT,5806.0,5805.5,10.0,team/totalenergies-2026/results/ranking-2026-2028,https://www.procyclingstats.com/team/totalenergies-2026/results/ranking-2026-2028,2026-09-18T13:37:27.410507+00:00,False,2026,BOUCHARD Geoffrey,geoffrey-bouchard,18,60.0,0.0,0.0
cycle_2026_2028,2026-2028,22,TotalEnergies,totalenergies-2026,PRT,5806.0,5805.5,10.0,team/totalenergies-2026/results/ranking-2026-2028,https://www.procyclingstats.com/team/totalenergies-2026/results/ranking-2026-2028,2026-09-18T13:37:27.410507+00:00,False,2026,BOULAHOITE Rayan,rayan-boulahoite,19,56.0,0.0,0.0
cycle_2026_2028,2026-2028,22,TotalEnergies,totalenergies-2026,PRT,5806.0,5805.5,10.0,team/totalenergies-2026/results/ranking-2026-2028,https://www.procyclingstats.com/team/totalenergies-2026/results/ranking-2026-2028,2026-09-18T13:37:27.410507+00:00,False,2026,GUERNALEC Thibault,thibault-guernalec,20,26.6,0.0,0.0
cycle_2026_2028,2026-2028,22,TotalEnergies,totalenergies-2026,PRT,5806.0,5805.5,10.0,team/totalenergies-2026/results/ranking-2026-2028,https://www.procyclingstats.com/team/totalenergies-2026/results/ranking-2026-2028,2026-09-18T13:37:27.410507+00:00,False,2026,DOUBEY Fabien,fabien-doubey,21,0.0,25.0,0.0
cycle_2026_2028,2026-2028,22,TotalEnergies,totalenergies-2026,PRT,5806.0,5805.5,10.0,team/totalenergies-2026/results/ranking-2026-2028,https://www.procyclingstats.com/team/totalenergies-2026/results/ranking-2026-2028,2026-09-18T13:37:27.410507+00:00,False,2026,MANZIN Lorrenzo,lorrenzo-manzin,22,0.0,15.0,0.0
cycle_2026_2028,2026-2028,22,TotalEnergies,totalenergies-2026,PRT,5806.0,5805.5,10.0,team/totalenergies-2026/results/ranking-2026-2028,https://www.procyclingstats.com/team/totalenergies-2026/results/ranking-2026-2028,2026-09-18T13:37:27.410507+00:00,False,2026,JOUSSEAUME Alan,alan-jousseaume,23,0.0,11.0,0.0
cycle_2026_2028,2026-2028,22,TotalEnergies,totalenergies-2026,PRT,5806.0,5805.5,10.0,team/totalenergies-2026/results/ranking-2026-2028,https://www.procyclingstats.com/team/totalenergies-2026/results/ranking-2026-2028,2026-09-18T13:37:27.410507+00:00,False,2026,BRUNEL Alexys,alexys-brunel,24,0.0,8.0,0.0
cycle_2026_2028,2026-2028,22,TotalEnergies,totalenergies-2026,PRT,5806.0,5805.5,10.0,team/totalenergies-2026/results/ranking-2026-2028,https://www.procyclingstats.com/team/totalenergies-2026/results/ranking-2026-2028,2026-09-18T13:37:27.410507+00:00,False,2026,RETAILLEAU Valentin,valentin-retailleau,25,0.0,8.0,0.0
cycle_2026_2028,2026-2028,22,TotalEnergies,totalenergies-2026,PRT,5806.0,5805.5,10.0,team/totalenergies-2026/results/ranking-2026-2028,https://www.procyclingstats.com/team/totalenergies-2026/results/ranking-2026-2028,2026-09-18T13:37:27.410507+00:00,False,2026,LÉVÊQUE Théo,theo-leveque,26,0.0,3.0,0.0
cycle_2026_2028,2026-2028,23,Caja Rural - Seguros RGA,caja-rural-seguros-rga-2026,PRT,4286.0,4293.8,0.0,team/caja-rural-seguros-rga-2026/results/ranking-2026-2028,https://www.procyclingstats.com/team/caja-rural-seguros-rga-2026/results/ranking-2026-2028,2026-09-18T13:37:27.410507+00:00,False,2026,BERWICK Sebastian,sebastian-berwick,1,678.0,0.0,0.0
cycle_2026_2028,2026-2028,23,Caja Rural - Seguros RGA,caja-rural-seguros-rga-2026,PRT,4286.0,4293.8,0.0,team/caja-rural-seguros-rga-2026/results/ranking-2026-2028,https://www.procyclingstats.com/team/caja-rural-seguros-rga-2026/results/ranking-2026-2028,2026-09-18T13:37:27.410507+00:00,False,2026,CASTELLON Jan,jan-castellon,2,434.0,0.0,0.0
cycle_2026_2028,2026-2028,23,Caja Rural - Seguros RGA,caja-rural-seguros-rga-2026,PRT,4286.0,4293.8,0.0,team/caja-rural-seguros-rga-2026/results/ranking-2026-2028,https://www.procyclingstats.com/team/caja-rural-seguros-rga-2026/results/ranking-2026-2028,2026-09-18T13:37:27.410507+00:00,False,2026,GAVIRIA Fernando,fernando-gaviria,3,346.0,0.0,0.0
cycle_2026_2028,2026-2028,23,Caja Rural - Seguros RGA,caja-rural-seguros-rga-2026,PRT,4286.0,4293.8,0.0,team/caja-rural-seguros-rga-2026/results/ranking-2026-2028,https://www.procyclingstats.com/team/caja-rural-seguros-rga-2026/results/ranking-2026-2028,2026-09-18T13:37:27.410507+00:00,False,2026,MOLENAAR Alex,alex-molenaar,4,345.0,0.0,0.0
cycle_2026_2028,2026-2028,23,Caja Rural - Seguros RGA,caja-rural-seguros-rga-2026,PRT,4286.0,4293.8,0.0,team/caja-rural-seguros-rga-2026/results/ranking-2026-2028,https://www.procyclingstats.com/team/caja-rural-seguros-rga-2026/results/ranking-2026-2028,2026-09-18T13:37:27.410507+00:00,False,2026,OLDANI Stefano,stefano-oldani,5,278.0,0.0,0.0
cycle_2026_2028,2026-2028,23,Caja Rural - Seguros RGA,caja-rural-seguros-rga-2026,PRT,4286.0,4293.8,0.0,team/caja-rural-seguros-rga-2026/results/ranking-2026-2028,https://www.procyclingstats.com/team/caja-rural-seguros-rga-2026/results/ranking-2026-2028,2026-09-18T13:37:27.410507+00:00,False,2026,LEITÃO Iúri,iuri-leitao,6,270.4,0.0,0.0
cycle_2026_2028,2026-2028,23,Caja Rural - Seguros RGA,caja-rural-seguros-rga-2026,PRT,4286.0,4293.8,0.0,team/caja-rural-seguros-rga-2026/results/ranking-2026-2028,https://www.procyclingstats.com/team/caja-rural-seguros-rga-2026/results/ranking-2026-2028,2026-09-18T13:37:27.410507+00:00,False,2026,PEÑUELA Francisco Joel,francisco-penuela,7,268.4,0.0,0.0
cycle_2026_2028,2026-2028,23,Caja Rural - Seguros RGA,caja-rural-seguros-rga-2026,PRT,4286.0,4293.8,0.0,team/caja-rural-seguros-rga-2026/results/ranking-2026-2028,https://www.procyclingstats.com/team/caja-rural-seguros-rga-2026/results/ranking-2026-2028,2026-09-18T13:37:27.410507+00:00,False,2026,BARCELÓ Fernando,fernando-barcelo,8,251.0,0.0,0.0
cycle_2026_2028,2026-2028,23,Caja Rural - Seguros RGA,caja-rural-seguros-rga-2026,PRT,4286.0,4293.8,0.0,team/caja-rural-seguros-rga-2026/results/ranking-2026-2028,https://www.procyclingstats.com/team/caja-rural-seguros-rga-2026/results/ranking-2026-2028,2026-09-18T13:37:27.410507+00:00,False,2026,PRADES Eduard,eduard-prades,9,227.0,0.0,0.0
cycle_2026_2028,2026-2028,23,Caja Rural - Seguros RGA,caja-rural-seguros-rga-2026,PRT,4286.0,4293.8,0.0,team/caja-rural-seguros-rga-2026/results/ranking-2026-2028,https://www.procyclingstats.com/team/caja-rural-seguros-rga-2026/results/ranking-2026-2028,2026-09-18T13:37:27.410507+00:00,False,2026,PARRA José Félix,jose-felix-parra,10,218.0,0.0,0.0
cycle_2026_2028,2026-2028,23,Caja Rural - Seguros RGA,caja-rural-seguros-rga-2026,PRT,4286.0,4293.8,0.0,team/caja-rural-seguros-rga-2026/results/ranking-2026-2028,https://www.procyclingstats.com/team/caja-rural-seguros-rga-2026/results/ranking-2026-2028,2026-09-18T13:37:27.410507+00:00,False,2026,SORARRAIN Gorka,gorka-sorarrain,11,193.0,0.0,0.0
cycle_2026_2028,2026-2028,23,Caja Rural - Seguros RGA,caja-rural-seguros-rga-2026,PRT,4286.0,4293.8,0.0,team/caja-rural-seguros-rga-2026/results/ranking-2026-2028,https://www.procyclingstats.com/team/caja-rural-seguros-rga-2026/results/ranking-2026-2028,2026-09-18T13:37:27.410507+00:00,False,2026,NICOLAU Joel,joel-nicolau,12,167.0,0.0,0.0
cycle_2026_2028,2026-2028,23,Caja Rural - Seguros RGA,caja-rural-seguros-rga-2026,PRT,4286.0,4293.8,0.0,team/caja-rural-seguros-rga-2026/results/ranking-2026-2028,https://www.procyclingstats.com/team/caja-rural-seguros-rga-2026/results/ranking-2026-2028,2026-09-18T13:37:27.410507+00:00,False,2026,FERNÁNDEZ Samuel,samuel-fernandez-garcia,13,162.4,0.0,0.0
cycle_2026_2028,2026-2028,23,Caja Rural - Seguros RGA,caja-rural-seguros-rga-2026,PRT,4286.0,4293.8,0.0,team/caja-rural-seguros-rga-2026/results/ranking-2026-2028,https://www.procyclingstats.com/team/caja-rural-seguros-rga-2026/results/ranking-2026-2028,2026-09-18T13:37:27.410507+00:00,False,2026,BOU Joan,joan-bou,14,129.4,0.0,0.0
cycle_2026_2028,2026-2028,23,Caja Rural - Seguros RGA,caja-rural-seguros-rga-2026,PRT,4286.0,4293.8,0.0,team/caja-rural-seguros-rga-2026/results/ranking-2026-2028,https://www.procyclingstats.com/team/caja-rural-seguros-rga-2026/results/ranking-2026-2028,2026-09-18T13:37:27.410507+00:00,False,2026,BALDERSTONE Abel,abel-balderstone-roumens,15,112.4,0.0,0.0
cycle_2026_2028,2026-2028,23,Caja Rural - Seguros RGA,caja-rural-seguros-rga-2026,PRT,4286.0,4293.8,0.0,team/caja-rural-seguros-rga-2026/results/ranking-2026-2028,https://www.procyclingstats.com/team/caja-rural-seguros-rga-2026/results/ranking-2026-2028,2026-09-18T13:37:27.410507+00:00,False,2026,OTRUBA Jakub,jakub-otruba,16,94.4,0.0,0.0
cycle_2026_2028,2026-2028,23,Caja Rural - Seguros RGA,caja-rural-seguros-rga-2026,PRT,4286.0,4293.8,0.0,team/caja-rural-seguros-rga-2026/results/ranking-2026-2028,https://www.procyclingstats.com/team/caja-rural-seguros-rga-2026/results/ranking-2026-2028,2026-09-18T13:37:27.410507+00:00,False,2026,DARDER Sergi,sergi-darder,17,58.0,0.0,0.0
cycle_2026_2028,2026-2028,23,Caja Rural - Seguros RGA,caja-rural-seguros-rga-2026,PRT,4286.0,4293.8,0.0,team/caja-rural-seguros-rga-2026/results/ranking-2026-2028,https://www.procyclingstats.com/team/caja-rural-seguros-rga-2026/results/ranking-2026-2028,2026-09-18T13:37:27.410507+00:00,False,2026,ARRIOLABENGOA Julen,julen-arriola-bengoa-beitia,18,35.0,0.0,0.0
cycle_2026_2028,2026-2028,23,Caja Rural - Seguros RGA,caja-rural-seguros-rga-2026,PRT,4286.0,4293.8,0.0,team/caja-rural-seguros-rga-2026/results/ranking-2026-2028,https://www.procyclingstats.com/team/caja-rural-seguros-rga-2026/results/ranking-2026-2028,2026-09-18T13:37:27.410507+00:00,False,2026,GUARDEÑO Jaume,jaume-guardeno,19,17.4,0.0,0.0
cycle_2026_2028,2026-2028,23,Caja Rural - Seguros RGA,caja-rural-seguros-rga-2026,PRT,4286.0,4293.8,0.0,team/caja-rural-seguros-rga-2026/results/ranking-2026-2028,https://www.procyclingstats.com/team/caja-rural-seguros-rga-2026/results/ranking-2026-2028,2026-09-18T13:37:27.410507+00:00,False,2026,VILLAR Iker,iker-villar,20,9.0,0.0,0.0
cycle_2026_2028,2026-2028,23,Caja Rural - Seguros RGA,caja-rural-seguros-rga-2026,PRT,4286.0,4293.8,0.0,team/caja-rural-seguros-rga-2026/results/ranking-2026-2028,https://www.procyclingstats.com/team/caja-rural-seguros-rga-2026/results/ranking-2026-2028,2026-09-18T13:37:27.410507+00:00,False,2026,LARRONDE Ellande,ellande-larronde,21,0.0,3.0,0.0
cycle_2026_2028,2026-2028,23,Caja Rural - Seguros RGA,caja-rural-seguros-rga-2026,PRT,4286.0,4293.8,0.0,team/caja-rural-seguros-rga-2026/results/ranking-2026-2028,https://www.procyclingstats.com/team/caja-rural-seguros-rga-2026/results/ranking-2026-2028,2026-09-18T13:37:27.410507+00:00,False,2026,DÍAZ Alex,alex-diaz-alvarez,22,0.0,3.0,0.0
cycle_2026_2028,2026-2028,24,Team Polti VisitMalta,team-polti-visitmalta-2026,PRT,3533.0,3573.0,5.0,team/team-polti-visitmalta-2026/results/ranking-2026-2028,https://www.procyclingstats.com/team/team-polti-visitmalta-2026/results/ranking-2026-2028,2026-09-18T13:37:27.410507+00:00,False,2026,CRESCIOLI Ludovico,ludovico-crescioli,1,689.0,0.0,0.0
cycle_2026_2028,2026-2028,24,Team Polti VisitMalta,team-polti-visitmalta-2026,PRT,3533.0,3573.0,5.0,team/team-polti-visitmalta-2026/results/ranking-2026-2028,https://www.procyclingstats.com/team/team-polti-visitmalta-2026/results/ranking-2026-2028,2026-09-18T13:37:27.410507+00:00,False,2026,LONARDI Giovanni,giovanni-lonardi,2,601.4,0.0,0.0
cycle_2026_2028,2026-2028,24,Team Polti VisitMalta,team-polti-visitmalta-2026,PRT,3533.0,3573.0,5.0,team/team-polti-visitmalta-2026/results/ranking-2026-2028,https://www.procyclingstats.com/team/team-polti-visitmalta-2026/results/ranking-2026-2028,2026-09-18T13:37:27.410507+00:00,False,2026,PESENTI Thomas,thomas-pesenti,3,327.0,0.0,0.0
cycle_2026_2028,2026-2028,24,Team Polti VisitMalta,team-polti-visitmalta-2026,PRT,3533.0,3573.0,5.0,team/team-polti-visitmalta-2026/results/ranking-2026-2028,https://www.procyclingstats.com/team/team-polti-visitmalta-2026/results/ranking-2026-2028,2026-09-18T13:37:27.410507+00:00,False,2026,MAESTRI Mirco,mirco-maestri,4,221.0,0.0,0.0
cycle_2026_2028,2026-2028,24,Team Polti VisitMalta,team-polti-visitmalta-2026,PRT,3533.0,3573.0,5.0,team/team-polti-visitmalta-2026/results/ranking-2026-2028,https://www.procyclingstats.com/team/team-polti-visitmalta-2026/results/ranking-2026-2028,2026-09-18T13:37:27.410507+00:00,False,2026,PEÑALVER Manuel,manuel-penalver,5,210.0,0.0,0.0
cycle_2026_2028,2026-2028,24,Team Polti VisitMalta,team-polti-visitmalta-2026,PRT,3533.0,3573.0,5.0,team/team-polti-visitmalta-2026/results/ranking-2026-2028,https://www.procyclingstats.com/team/team-polti-visitmalta-2026/results/ranking-2026-2028,2026-09-18T13:37:27.410507+00:00,False,2026,MIFSUD Andrea,andrea-mifsud,6,189.0,0.0,0.0
cycle_2026_2028,2026-2028,24,Team Polti VisitMalta,team-polti-visitmalta-2026,PRT,3533.0,3573.0,5.0,team/team-polti-visitmalta-2026/results/ranking-2026-2028,https://www.procyclingstats.com/team/team-polti-visitmalta-2026/results/ranking-2026-2028,2026-09-18T13:37:27.410507+00:00,False,2026,BAIS Mattia,mattia-bais,7,166.4,0.0,0.0
cycle_2026_2028,2026-2028,24,Team Polti VisitMalta,team-polti-visitmalta-2026,PRT,3533.0,3573.0,5.0,team/team-polti-visitmalta-2026/results/ranking-2026-2028,https://www.procyclingstats.com/team/team-polti-visitmalta-2026/results/ranking-2026-2028,2026-09-18T13:37:27.410507+00:00,False,2026,TERCERO Fernando,fernando-tercero-lopez,8,134.0,0.0,0.0
cycle_2026_2028,2026-2028,24,Team Polti VisitMalta,team-polti-visitmalta-2026,PRT,3533.0,3573.0,5.0,team/team-polti-visitmalta-2026/results/ranking-2026-2028,https://www.procyclingstats.com/team/team-polti-visitmalta-2026/results/ranking-2026-2028,2026-09-18T13:37:27.410507+00:00,False,2026,MUÑOZ Francisco,francisco-munoz-llana,9,134.0,0.0,0.0
cycle_2026_2028,2026-2028,24,Team Polti VisitMalta,team-polti-visitmalta-2026,PRT,3533.0,3573.0,5.0,team/team-polti-visitmalta-2026/results/ranking-2026-2028,https://www.procyclingstats.com/team/team-polti-visitmalta-2026/results/ranking-2026-2028,2026-09-18T13:37:27.410507+00:00,False,2026,BESSEGA Gabriele,gabriele-bessega,10,131.0,0.0,0.0
cycle_2026_2028,2026-2028,24,Team Polti VisitMalta,team-polti-visitmalta-2026,PRT,3533.0,3573.0,5.0,team/team-polti-visitmalta-2026/results/ranking-2026-2028,https://www.procyclingstats.com/team/team-polti-visitmalta-2026/results/ranking-2026-2028,2026-09-18T13:37:27.410507+00:00,False,2026,CROZZOLO Fabrizio,fabrizio-crozzolo,11,128.0,0.0,0.0
cycle_2026_2028,2026-2028,24,Team Polti VisitMalta,team-polti-visitmalta-2026,PRT,3533.0,3573.0,5.0,team/team-polti-visitmalta-2026/results/ranking-2026-2028,https://www.procyclingstats.com/team/team-polti-visitmalta-2026/results/ranking-2026-2028,2026-09-18T13:37:27.410507+00:00,False,2026,BELLETTA Dario Igor,dario-igor-belletta,12,124.4,0.0,0.0
cycle_2026_2028,2026-2028,24,Team Polti VisitMalta,team-polti-visitmalta-2026,PRT,3533.0,3573.0,5.0,team/team-polti-visitmalta-2026/results/ranking-2026-2028,https://www.procyclingstats.com/team/team-polti-visitmalta-2026/results/ranking-2026-2028,2026-09-18T13:37:27.410507+00:00,False,2026,BESSEGA Tommaso,tommaso-bessega,13,117.0,0.0,0.0
cycle_2026_2028,2026-2028,24,Team Polti VisitMalta,team-polti-visitmalta-2026,PRT,3533.0,3573.0,5.0,team/team-polti-visitmalta-2026/results/ranking-2026-2028,https://www.procyclingstats.com/team/team-polti-visitmalta-2026/results/ranking-2026-2028,2026-09-18T13:37:27.410507+00:00,False,2026,SEVILLA Diego Pablo,diego-pablo-sevilla,14,108.0,0.0,0.0
cycle_2026_2028,2026-2028,24,Team Polti VisitMalta,team-polti-visitmalta-2026,PRT,3533.0,3573.0,5.0,team/team-polti-visitmalta-2026/results/ranking-2026-2028,https://www.procyclingstats.com/team/team-polti-visitmalta-2026/results/ranking-2026-2028,2026-09-18T13:37:27.410507+00:00,False,2026,GIULIANO Dario,dario-giuliano,15,90.0,0.0,0.0
cycle_2026_2028,2026-2028,24,Team Polti VisitMalta,team-polti-visitmalta-2026,PRT,3533.0,3573.0,5.0,team/team-polti-visitmalta-2026/results/ranking-2026-2028,https://www.procyclingstats.com/team/team-polti-visitmalta-2026/results/ranking-2026-2028,2026-09-18T13:37:27.410507+00:00,False,2026,SERRANO Javier,javier-serrano,16,71.0,0.0,0.0
cycle_2026_2028,2026-2028,24,Team Polti VisitMalta,team-polti-visitmalta-2026,PRT,3533.0,3573.0,5.0,team/team-polti-visitmalta-2026/results/ranking-2026-2028,https://www.procyclingstats.com/team/team-polti-visitmalta-2026/results/ranking-2026-2028,2026-09-18T13:37:27.410507+00:00,False,2026,BUTTIGIEG Aidan,aidan-buttigieg,17,45.0,0.0,0.0
cycle_2026_2028,2026-2028,24,Team Polti VisitMalta,team-polti-visitmalta-2026,PRT,3533.0,3573.0,5.0,team/team-polti-visitmalta-2026/results/ranking-2026-2028,https://www.procyclingstats.com/team/team-polti-visitmalta-2026/results/ranking-2026-2028,2026-09-18T13:37:27.410507+00:00,False,2026,TONELLI Alessandro,alessandro-tonelli,18,40.4,0.0,0.0
cycle_2026_2028,2026-2028,24,Team Polti VisitMalta,team-polti-visitmalta-2026,PRT,3533.0,3573.0,5.0,team/team-polti-visitmalta-2026/results/ranking-2026-2028,https://www.procyclingstats.com/team/team-polti-visitmalta-2026/results/ranking-2026-2028,2026-09-18T13:37:27.410507+00:00,False,2026,BAIS Davide,davide-bais,19,28.0,0.0,5.0
cycle_2026_2028,2026-2028,24,Team Polti VisitMalta,team-polti-visitmalta-2026,PRT,3533.0,3573.0,5.0,team/team-polti-visitmalta-2026/results/ranking-2026-2028,https://www.procyclingstats.com/team/team-polti-visitmalta-2026/results/ranking-2026-2028,2026-09-18T13:37:27.410507+00:00,False,2026,BENITO Adrián,adrian-benito-gonzalez,20,18.4,0.0,0.0
cycle_2026_2028,2026-2028,24,Team Polti VisitMalta,team-polti-visitmalta-2026,PRT,3533.0,3573.0,5.0,team/team-polti-visitmalta-2026/results/ranking-2026-2028,https://www.procyclingstats.com/team/team-polti-visitmalta-2026/results/ranking-2026-2028,2026-09-18T13:37:27.410507+00:00,False,2026,PIETROBON Andrea,andrea-pietrobon,21,0.0,11.0,0.0
cycle_2026_2028,2026-2028,24,Team Polti VisitMalta,team-polti-visitmalta-2026,PRT,3533.0,3573.0,5.0,team/team-polti-visitmalta-2026/results/ranking-2026-2028,https://www.procyclingstats.com/team/team-polti-visitmalta-2026/results/ranking-2026-2028,2026-09-18T13:37:27.410507+00:00,False,2026,RACCAGNI Gabriele,gabriele-raccagni,22,0.0,6.0,0.0
cycle_2026_2028,2026-2028,24,Team Polti VisitMalta,team-polti-visitmalta-2026,PRT,3533.0,3573.0,5.0,team/team-polti-visitmalta-2026/results/ranking-2026-2028,https://www.procyclingstats.com/team/team-polti-visitmalta-2026/results/ranking-2026-2028,2026-09-18T13:37:27.410507+00:00,False,2026,GARCÍA Pablo,pablo-garcia-frances,23,0.0,3.0,0.0
cycle_2026_2028,2026-2028,25,Burgos Burpellet BH,burgos-burpellet-bh-2026,PRT,3526.0,3525.7,20.0,team/burgos-burpellet-bh-2026/results/ranking-2026-2028,https://www.procyclingstats.com/team/burgos-burpellet-bh-2026/results/ranking-2026-2028,2026-09-18T13:37:27.410507+00:00,False,2026,FAGÚNDEZ Eric Antonio,eric-antonio-fagundez,1,450.4,0.0,0.0
cycle_2026_2028,2026-2028,25,Burgos Burpellet BH,burgos-burpellet-bh-2026,PRT,3526.0,3525.7,20.0,team/burgos-burpellet-bh-2026/results/ranking-2026-2028,https://www.procyclingstats.com/team/burgos-burpellet-bh-2026/results/ranking-2026-2028,2026-09-18T13:37:27.410507+00:00,False,2026,MACÍAS César,cesar-macias-estrada,2,360.4,0.0,0.0
cycle_2026_2028,2026-2028,25,Burgos Burpellet BH,burgos-burpellet-bh-2026,PRT,3526.0,3525.7,20.0,team/burgos-burpellet-bh-2026/results/ranking-2026-2028,https://www.procyclingstats.com/team/burgos-burpellet-bh-2026/results/ranking-2026-2028,2026-09-18T13:37:27.410507+00:00,False,2026,DÍAZ José Manuel,jose-manuel-diaz-gallego,3,330.4,0.0,0.0
cycle_2026_2028,2026-2028,25,Burgos Burpellet BH,burgos-burpellet-bh-2026,PRT,3526.0,3525.7,20.0,team/burgos-burpellet-bh-2026/results/ranking-2026-2028,https://www.procyclingstats.com/team/burgos-burpellet-bh-2026/results/ranking-2026-2028,2026-09-18T13:37:27.410507+00:00,False,2026,KUDUS Merhawi,merhawi-kudus,4,327.0,0.0,0.0
cycle_2026_2028,2026-2028,25,Burgos Burpellet BH,burgos-burpellet-bh-2026,PRT,3526.0,3525.7,20.0,team/burgos-burpellet-bh-2026/results/ranking-2026-2028,https://www.procyclingstats.com/team/burgos-burpellet-bh-2026/results/ranking-2026-2028,2026-09-18T13:37:27.410507+00:00,False,2026,CHUMIL Sergio Geovani,sergio-geovani-chumil-gonzalez,5,259.0,0.0,0.0
cycle_2026_2028,2026-2028,25,Burgos Burpellet BH,burgos-burpellet-bh-2026,PRT,3526.0,3525.7,20.0,team/burgos-burpellet-bh-2026/results/ranking-2026-2028,https://www.procyclingstats.com/team/burgos-burpellet-bh-2026/results/ranking-2026-2028,2026-09-18T13:37:27.410507+00:00,False,2026,BURNETT Josh,josh-burnett,6,250.0,0.0,0.0
cycle_2026_2028,2026-2028,25,Burgos Burpellet BH,burgos-burpellet-bh-2026,PRT,3526.0,3525.7,20.0,team/burgos-burpellet-bh-2026/results/ranking-2026-2028,https://www.procyclingstats.com/team/burgos-burpellet-bh-2026/results/ranking-2026-2028,2026-09-18T13:37:27.410507+00:00,False,2026,QUARTUCCI Lorenzo,lorenzo-quartucci,7,243.0,0.0,0.0
cycle_2026_2028,2026-2028,25,Burgos Burpellet BH,burgos-burpellet-bh-2026,PRT,3526.0,3525.7,20.0,team/burgos-burpellet-bh-2026/results/ranking-2026-2028,https://www.procyclingstats.com/team/burgos-burpellet-bh-2026/results/ranking-2026-2028,2026-09-18T13:37:27.410507+00:00,False,2026,HERRADA Jesús,jesus-herrada-lopez,8,224.0,0.0,0.0
cycle_2026_2028,2026-2028,25,Burgos Burpellet BH,burgos-burpellet-bh-2026,PRT,3526.0,3525.7,20.0,team/burgos-burpellet-bh-2026/results/ranking-2026-2028,https://www.procyclingstats.com/team/burgos-burpellet-bh-2026/results/ranking-2026-2028,2026-09-18T13:37:27.410507+00:00,False,2026,MAYER Alexandre,alexandre-mayer,9,219.3,0.0,0.0
cycle_2026_2028,2026-2028,25,Burgos Burpellet BH,burgos-burpellet-bh-2026,PRT,3526.0,3525.7,20.0,team/burgos-burpellet-bh-2026/results/ranking-2026-2028,https://www.procyclingstats.com/team/burgos-burpellet-bh-2026/results/ranking-2026-2028,2026-09-18T13:37:27.410507+00:00,False,2026,SAINBAYAR Jambaljamts,jambaljamts-sainbayar,10,178.0,0.0,0.0
cycle_2026_2028,2026-2028,25,Burgos Burpellet BH,burgos-burpellet-bh-2026,PRT,3526.0,3525.7,20.0,team/burgos-burpellet-bh-2026/results/ranking-2026-2028,https://www.procyclingstats.com/team/burgos-burpellet-bh-2026/results/ranking-2026-2028,2026-09-18T13:37:27.410507+00:00,False,2026,APARICIO Mario,mario-aparicio-munoz,11,151.0,0.0,0.0
cycle_2026_2028,2026-2028,25,Burgos Burpellet BH,burgos-burpellet-bh-2026,PRT,3526.0,3525.7,20.0,team/burgos-burpellet-bh-2026/results/ranking-2026-2028,https://www.procyclingstats.com/team/burgos-burpellet-bh-2026/results/ranking-2026-2028,2026-09-18T13:37:27.410507+00:00,False,2026,BOUGLAS Georgios,georgios-bouglas,12,131.0,0.0,0.0
cycle_2026_2028,2026-2028,25,Burgos Burpellet BH,burgos-burpellet-bh-2026,PRT,3526.0,3525.7,20.0,team/burgos-burpellet-bh-2026/results/ranking-2026-2028,https://www.procyclingstats.com/team/burgos-burpellet-bh-2026/results/ranking-2026-2028,2026-09-18T13:37:27.410507+00:00,False,2026,CAVIA Daniel,daniel-cavia-sanz,13,121.0,0.0,0.0
cycle_2026_2028,2026-2028,25,Burgos Burpellet BH,burgos-burpellet-bh-2026,PRT,3526.0,3525.7,20.0,team/burgos-burpellet-bh-2026/results/ranking-2026-2028,https://www.procyclingstats.com/team/burgos-burpellet-bh-2026/results/ranking-2026-2028,2026-09-18T13:37:27.410507+00:00,False,2026,ALLENO Clément,clement-alleno,14,104.0,0.0,5.0
cycle_2026_2028,2026-2028,25,Burgos Burpellet BH,burgos-burpellet-bh-2026,PRT,3526.0,3525.7,20.0,team/burgos-burpellet-bh-2026/results/ranking-2026-2028,https://www.procyclingstats.com/team/burgos-burpellet-bh-2026/results/ranking-2026-2028,2026-09-18T13:37:27.410507+00:00,False,2026,DE LA CALLE Hugo,hugo-de-la-calle-arango,15,54.4,0.0,0.0
cycle_2026_2028,2026-2028,25,Burgos Burpellet BH,burgos-burpellet-bh-2026,PRT,3526.0,3525.7,20.0,team/burgos-burpellet-bh-2026/results/ranking-2026-2028,https://www.procyclingstats.com/team/burgos-burpellet-bh-2026/results/ranking-2026-2028,2026-09-18T13:37:27.410507+00:00,False,2026,GARCÍA PIERNA Carlos,carlos-garcia-pierna,16,52.4,0.0,0.0
cycle_2026_2028,2026-2028,25,Burgos Burpellet BH,burgos-burpellet-bh-2026,PRT,3526.0,3525.7,20.0,team/burgos-burpellet-bh-2026/results/ranking-2026-2028,https://www.procyclingstats.com/team/burgos-burpellet-bh-2026/results/ranking-2026-2028,2026-09-18T13:37:27.410507+00:00,False,2026,FAURA José Luis,jose-luis-faura-asensio,17,25.0,0.0,0.0
cycle_2026_2028,2026-2028,25,Burgos Burpellet BH,burgos-burpellet-bh-2026,PRT,3526.0,3525.7,20.0,team/burgos-burpellet-bh-2026/results/ranking-2026-2028,https://www.procyclingstats.com/team/burgos-burpellet-bh-2026/results/ranking-2026-2028,2026-09-18T13:37:27.410507+00:00,False,2026,FERNÁNDEZ Sinuhé,sinuhe-fernandez-rodriguez,18,16.4,0.0,0.0
cycle_2026_2028,2026-2028,25,Burgos Burpellet BH,burgos-burpellet-bh-2026,PRT,3526.0,3525.7,20.0,team/burgos-burpellet-bh-2026/results/ranking-2026-2028,https://www.procyclingstats.com/team/burgos-burpellet-bh-2026/results/ranking-2026-2028,2026-09-18T13:37:27.410507+00:00,False,2026,OKAMIKA Ander,ander-okamika,19,15.0,0.0,0.0
cycle_2026_2028,2026-2028,25,Burgos Burpellet BH,burgos-burpellet-bh-2026,PRT,3526.0,3525.7,20.0,team/burgos-burpellet-bh-2026/results/ranking-2026-2028,https://www.procyclingstats.com/team/burgos-burpellet-bh-2026/results/ranking-2026-2028,2026-09-18T13:37:27.410507+00:00,False,2026,ÁLVAREZ Rodrigo,rodrigo-alvarez-rogriguez,20,14.0,0.0,0.0
cycle_2026_2028,2026-2028,25,Burgos Burpellet BH,burgos-burpellet-bh-2026,PRT,3526.0,3525.7,20.0,team/burgos-burpellet-bh-2026/results/ranking-2026-2028,https://www.procyclingstats.com/team/burgos-burpellet-bh-2026/results/ranking-2026-2028,2026-09-18T13:37:27.410507+00:00,False,2026,REY Martín,martin-rey-vazquez,21,0.0,3.0,0.0
cycle_2026_2028,2026-2028,25,Burgos Burpellet BH,burgos-burpellet-bh-2026,PRT,3526.0,3525.7,20.0,team/burgos-burpellet-bh-2026/results/ranking-2026-2028,https://www.procyclingstats.com/team/burgos-burpellet-bh-2026/results/ranking-2026-2028,2026-09-18T13:37:27.410507+00:00,False,2026,KOYAMA Tomoya,tomoya-koyama,22,0.0,0.0,0.0
cycle_2026_2028,2026-2028,25,Burgos Burpellet BH,burgos-burpellet-bh-2026,PRT,3526.0,3525.7,20.0,team/burgos-burpellet-bh-2026/results/ranking-2026-2028,https://www.procyclingstats.com/team/burgos-burpellet-bh-2026/results/ranking-2026-2028,2026-09-18T13:37:27.410507+00:00,False,2026,KMÍNEK Vojtěch,vojtech-kminek,23,0.0,-15.0,15.0
cycle_2026_2028,2026-2028,26,Solution Tech NIPPO Rali,solution-tech-nippo-rali-2026,PRT,3198.0,3218.3,70.0,team/solution-tech-nippo-rali-2026/results/ranking-2026-2028,https://www.procyclingstats.com/team/solution-tech-nippo-rali-2026/results/ranking-2026-2028,2026-09-18T13:37:27.410507+00:00,False,2026,RAJOVIĆ Dušan,dusan-rajovic,1,599.0,0.0,0.0
cycle_2026_2028,2026-2028,26,Solution Tech NIPPO Rali,solution-tech-nippo-rali-2026,PRT,3198.0,3218.3,70.0,team/solution-tech-nippo-rali-2026/results/ranking-2026-2028,https://www.procyclingstats.com/team/solution-tech-nippo-rali-2026/results/ranking-2026-2028,2026-09-18T13:37:27.410507+00:00,False,2026,POZZOVIVO Domenico,domenico-pozzovivo,2,501.0,0.0,0.0
cycle_2026_2028,2026-2028,26,Solution Tech NIPPO Rali,solution-tech-nippo-rali-2026,PRT,3198.0,3218.3,70.0,team/solution-tech-nippo-rali-2026/results/ranking-2026-2028,https://www.procyclingstats.com/team/solution-tech-nippo-rali-2026/results/ranking-2026-2028,2026-09-18T13:37:27.410507+00:00,False,2026,UMBA Santiago,santiago-umba,3,328.0,0.0,0.0
cycle_2026_2028,2026-2028,26,Solution Tech NIPPO Rali,solution-tech-nippo-rali-2026,PRT,3198.0,3218.3,70.0,team/solution-tech-nippo-rali-2026/results/ranking-2026-2028,https://www.procyclingstats.com/team/solution-tech-nippo-rali-2026/results/ranking-2026-2028,2026-09-18T13:37:27.410507+00:00,False,2026,BALMER Alexandre,alexandre-balmer,4,309.0,0.0,0.0
cycle_2026_2028,2026-2028,26,Solution Tech NIPPO Rali,solution-tech-nippo-rali-2026,PRT,3198.0,3218.3,70.0,team/solution-tech-nippo-rali-2026/results/ranking-2026-2028,https://www.procyclingstats.com/team/solution-tech-nippo-rali-2026/results/ranking-2026-2028,2026-09-18T13:37:27.410507+00:00,False,2026,SAMUDIO Carlos Ariel,carlos-samudio,5,240.0,0.0,0.0
cycle_2026_2028,2026-2028,26,Solution Tech NIPPO Rali,solution-tech-nippo-rali-2026,PRT,3198.0,3218.3,70.0,team/solution-tech-nippo-rali-2026/results/ranking-2026-2028,https://www.procyclingstats.com/team/solution-tech-nippo-rali-2026/results/ranking-2026-2028,2026-09-18T13:37:27.410507+00:00,False,2026,BONNEU Kamiel,kamiel-bonneu,6,196.2,0.0,0.0
cycle_2026_2028,2026-2028,26,Solution Tech NIPPO Rali,solution-tech-nippo-rali-2026,PRT,3198.0,3218.3,70.0,team/solution-tech-nippo-rali-2026/results/ranking-2026-2028,https://www.procyclingstats.com/team/solution-tech-nippo-rali-2026/results/ranking-2026-2028,2026-09-18T13:37:27.410507+00:00,False,2026,FABBRO Matteo,matteo-fabbro,7,193.2,0.0,15.0
cycle_2026_2028,2026-2028,26,Solution Tech NIPPO Rali,solution-tech-nippo-rali-2026,PRT,3198.0,3218.3,70.0,team/solution-tech-nippo-rali-2026/results/ranking-2026-2028,https://www.procyclingstats.com/team/solution-tech-nippo-rali-2026/results/ranking-2026-2028,2026-09-18T13:37:27.410507+00:00,False,2026,TSARENKO Kyrylo,kyrylo-tsarenko,8,179.0,0.0,0.0
cycle_2026_2028,2026-2028,26,Solution Tech NIPPO Rali,solution-tech-nippo-rali-2026,PRT,3198.0,3218.3,70.0,team/solution-tech-nippo-rali-2026/results/ranking-2026-2028,https://www.procyclingstats.com/team/solution-tech-nippo-rali-2026/results/ranking-2026-2028,2026-09-18T13:37:27.410507+00:00,False,2026,GONZÁLEZ Roberto Carlos,roberto-gonzalez,9,173.0,0.0,0.0
cycle_2026_2028,2026-2028,26,Solution Tech NIPPO Rali,solution-tech-nippo-rali-2026,PRT,3198.0,3218.3,70.0,team/solution-tech-nippo-rali-2026/results/ranking-2026-2028,https://www.procyclingstats.com/team/solution-tech-nippo-rali-2026/results/ranking-2026-2028,2026-09-18T13:37:27.410507+00:00,False,2026,ARCHIBOLD Franklin,franklin-archibold,10,110.0,0.0,0.0
cycle_2026_2028,2026-2028,26,Solution Tech NIPPO Rali,solution-tech-nippo-rali-2026,PRT,3198.0,3218.3,70.0,team/solution-tech-nippo-rali-2026/results/ranking-2026-2028,https://www.procyclingstats.com/team/solution-tech-nippo-rali-2026/results/ranking-2026-2028,2026-09-18T13:37:27.410507+00:00,False,2026,FINKŠT Tilen,tilen-finkst,11,100.2,0.0,0.0
cycle_2026_2028,2026-2028,26,Solution Tech NIPPO Rali,solution-tech-nippo-rali-2026,PRT,3198.0,3218.3,70.0,team/solution-tech-nippo-rali-2026/results/ranking-2026-2028,https://www.procyclingstats.com/team/solution-tech-nippo-rali-2026/results/ranking-2026-2028,2026-09-18T13:37:27.410507+00:00,False,2026,PIRAS Andrea,andrea-piras,12,65.0,0.0,0.0
cycle_2026_2028,2026-2028,26,Solution Tech NIPPO Rali,solution-tech-nippo-rali-2026,PRT,3198.0,3218.3,70.0,team/solution-tech-nippo-rali-2026/results/ranking-2026-2028,https://www.procyclingstats.com/team/solution-tech-nippo-rali-2026/results/ranking-2026-2028,2026-09-18T13:37:27.410507+00:00,False,2026,NENCINI Tommaso,tommaso-nencini,13,54.2,0.0,5.0
cycle_2026_2028,2026-2028,26,Solution Tech NIPPO Rali,solution-tech-nippo-rali-2026,PRT,3198.0,3218.3,70.0,team/solution-tech-nippo-rali-2026/results/ranking-2026-2028,https://www.procyclingstats.com/team/solution-tech-nippo-rali-2026/results/ranking-2026-2028,2026-09-18T13:37:27.410507+00:00,False,2026,ĐURIĆ Đorđe,dorde-duric,14,41.0,0.0,50.0
cycle_2026_2028,2026-2028,26,Solution Tech NIPPO Rali,solution-tech-nippo-rali-2026,PRT,3198.0,3218.3,70.0,team/solution-tech-nippo-rali-2026/results/ranking-2026-2028,https://www.procyclingstats.com/team/solution-tech-nippo-rali-2026/results/ranking-2026-2028,2026-09-18T13:37:27.410507+00:00,False,2026,ARASHIRO Yukiya,yukiya-arashiro,15,32.5,0.0,0.0
cycle_2026_2028,2026-2028,26,Solution Tech NIPPO Rali,solution-tech-nippo-rali-2026,PRT,3198.0,3218.3,70.0,team/solution-tech-nippo-rali-2026/results/ranking-2026-2028,https://www.procyclingstats.com/team/solution-tech-nippo-rali-2026/results/ranking-2026-2028,2026-09-18T13:37:27.410507+00:00,False,2026,VIVIANI Attilio,attilio-viviani,16,30.0,0.0,0.0
cycle_2026_2028,2026-2028,26,Solution Tech NIPPO Rali,solution-tech-nippo-rali-2026,PRT,3198.0,3218.3,70.0,team/solution-tech-nippo-rali-2026/results/ranking-2026-2028,https://www.procyclingstats.com/team/solution-tech-nippo-rali-2026/results/ranking-2026-2028,2026-09-18T13:37:27.410507+00:00,False,2026,REGNANTI Matteo,matteo-regnanti,17,26.0,0.0,0.0
cycle_2026_2028,2026-2028,26,Solution Tech NIPPO Rali,solution-tech-nippo-rali-2026,PRT,3198.0,3218.3,70.0,team/solution-tech-nippo-rali-2026/results/ranking-2026-2028,https://www.procyclingstats.com/team/solution-tech-nippo-rali-2026/results/ranking-2026-2028,2026-09-18T13:37:27.410507+00:00,False,2026,GRANGER Ben,ben-granger,18,21.0,0.0,0.0
cycle_2026_2028,2026-2028,26,Solution Tech NIPPO Rali,solution-tech-nippo-rali-2026,PRT,3198.0,3218.3,70.0,team/solution-tech-nippo-rali-2026/results/ranking-2026-2028,https://www.procyclingstats.com/team/solution-tech-nippo-rali-2026/results/ranking-2026-2028,2026-09-18T13:37:27.410507+00:00,False,2026,GAZZOLI Michele,michele-gazzoli,19,17.0,0.0,0.0
cycle_2026_2028,2026-2028,26,Solution Tech NIPPO Rali,solution-tech-nippo-rali-2026,PRT,3198.0,3218.3,70.0,team/solution-tech-nippo-rali-2026/results/ranking-2026-2028,https://www.procyclingstats.com/team/solution-tech-nippo-rali-2026/results/ranking-2026-2028,2026-09-18T13:37:27.410507+00:00,False,2026,CONTI Valerio,valerio-conti,20,3.0,0.0,0.0
cycle_2026_2028,2026-2028,26,Solution Tech NIPPO Rali,solution-tech-nippo-rali-2026,PRT,3198.0,3218.3,70.0,team/solution-tech-nippo-rali-2026/results/ranking-2026-2028,https://www.procyclingstats.com/team/solution-tech-nippo-rali-2026/results/ranking-2026-2028,2026-09-18T13:37:27.410507+00:00,False,2026,IACCHI Alessandro,alessandro-iacchi,21,0.0,1.0,0.0
cycle_2026_2028,2026-2028,27,Equipo Kern Pharma,equipo-kern-pharma-2026,PRT,2926.0,2935.9,10.0,team/equipo-kern-pharma-2026/results/ranking-2026-2028,https://www.procyclingstats.com/team/equipo-kern-pharma-2026/results/ranking-2026-2028,2026-09-18T13:37:27.410507+00:00,False,2026,BERRADE Urko,urko-berrade-fernandez,1,647.7,0.0,0.0
cycle_2026_2028,2026-2028,27,Equipo Kern Pharma,equipo-kern-pharma-2026,PRT,2926.0,2935.9,10.0,team/equipo-kern-pharma-2026/results/ranking-2026-2028,https://www.procyclingstats.com/team/equipo-kern-pharma-2026/results/ranking-2026-2028,2026-09-18T13:37:27.410507+00:00,False,2026,SOSA Iván Ramiro,ivan-ramiro-sosa,2,613.0,0.0,0.0
cycle_2026_2028,2026-2028,27,Equipo Kern Pharma,equipo-kern-pharma-2026,PRT,2926.0,2935.9,10.0,team/equipo-kern-pharma-2026/results/ranking-2026-2028,https://www.procyclingstats.com/team/equipo-kern-pharma-2026/results/ranking-2026-2028,2026-09-18T13:37:27.410507+00:00,False,2026,RUIZ Ibon,ibon-ruiz,3,438.7,0.0,0.0
cycle_2026_2028,2026-2028,27,Equipo Kern Pharma,equipo-kern-pharma-2026,PRT,2926.0,2935.9,10.0,team/equipo-kern-pharma-2026/results/ranking-2026-2028,https://www.procyclingstats.com/team/equipo-kern-pharma-2026/results/ranking-2026-2028,2026-09-18T13:37:27.410507+00:00,False,2026,COBO Iván,ivan-cobo-cayon,4,351.0,0.0,0.0
cycle_2026_2028,2026-2028,27,Equipo Kern Pharma,equipo-kern-pharma-2026,PRT,2926.0,2935.9,10.0,team/equipo-kern-pharma-2026/results/ranking-2026-2028,https://www.procyclingstats.com/team/equipo-kern-pharma-2026/results/ranking-2026-2028,2026-09-18T13:37:27.410507+00:00,False,2026,BRUSTENGA Marc,marc-brustenga-masague,5,224.7,0.0,0.0
cycle_2026_2028,2026-2028,27,Equipo Kern Pharma,equipo-kern-pharma-2026,PRT,2926.0,2935.9,10.0,team/equipo-kern-pharma-2026/results/ranking-2026-2028,https://www.procyclingstats.com/team/equipo-kern-pharma-2026/results/ranking-2026-2028,2026-09-18T13:37:27.410507+00:00,False,2026,WENZEL Mats,mats-wenzel,6,217.7,0.0,0.0
cycle_2026_2028,2026-2028,27,Equipo Kern Pharma,equipo-kern-pharma-2026,PRT,2926.0,2935.9,10.0,team/equipo-kern-pharma-2026/results/ranking-2026-2028,https://www.procyclingstats.com/team/equipo-kern-pharma-2026/results/ranking-2026-2028,2026-09-18T13:37:27.410507+00:00,False,2026,IRIBAR Unai,unai-iribar-jauregi,7,90.7,0.0,0.0
cycle_2026_2028,2026-2028,27,Equipo Kern Pharma,equipo-kern-pharma-2026,PRT,2926.0,2935.9,10.0,team/equipo-kern-pharma-2026/results/ranking-2026-2028,https://www.procyclingstats.com/team/equipo-kern-pharma-2026/results/ranking-2026-2028,2026-09-18T13:37:27.410507+00:00,False,2026,GUTIÉRREZ Jorge,jorge-gutierrez-gonzalez,8,77.0,0.0,0.0
cycle_2026_2028,2026-2028,27,Equipo Kern Pharma,equipo-kern-pharma-2026,PRT,2926.0,2935.9,10.0,team/equipo-kern-pharma-2026/results/ranking-2026-2028,https://www.procyclingstats.com/team/equipo-kern-pharma-2026/results/ranking-2026-2028,2026-09-18T13:37:27.410507+00:00,False,2026,GIMENO Nil,nil-gimeno,9,72.0,0.0,0.0
cycle_2026_2028,2026-2028,27,Equipo Kern Pharma,equipo-kern-pharma-2026,PRT,2926.0,2935.9,10.0,team/equipo-kern-pharma-2026/results/ranking-2026-2028,https://www.procyclingstats.com/team/equipo-kern-pharma-2026/results/ranking-2026-2028,2026-09-18T13:37:27.410507+00:00,False,2026,ROMEO Sergio,sergio-romeo,10,50.0,0.0,0.0
cycle_2026_2028,2026-2028,27,Equipo Kern Pharma,equipo-kern-pharma-2026,PRT,2926.0,2935.9,10.0,team/equipo-kern-pharma-2026/results/ranking-2026-2028,https://www.procyclingstats.com/team/equipo-kern-pharma-2026/results/ranking-2026-2028,2026-09-18T13:37:27.410507+00:00,False,2026,RETEGI Mikel,mikel-retegi,11,48.0,0.0,0.0
cycle_2026_2028,2026-2028,27,Equipo Kern Pharma,equipo-kern-pharma-2026,PRT,2926.0,2935.9,10.0,team/equipo-kern-pharma-2026/results/ranking-2026-2028,https://www.procyclingstats.com/team/equipo-kern-pharma-2026/results/ranking-2026-2028,2026-09-18T13:37:27.410507+00:00,False,2026,PÉREZ César,cesar-perez-lopez,12,46.0,0.0,0.0
cycle_2026_2028,2026-2028,27,Equipo Kern Pharma,equipo-kern-pharma-2026,PRT,2926.0,2935.9,10.0,team/equipo-kern-pharma-2026/results/ranking-2026-2028,https://www.procyclingstats.com/team/equipo-kern-pharma-2026/results/ranking-2026-2028,2026-09-18T13:37:27.410507+00:00,False,2026,URIARTE Diego,diego-uriarte-belzunegi,13,33.7,0.0,0.0
cycle_2026_2028,2026-2028,27,Equipo Kern Pharma,equipo-kern-pharma-2026,PRT,2926.0,2935.9,10.0,team/equipo-kern-pharma-2026/results/ranking-2026-2028,https://www.procyclingstats.com/team/equipo-kern-pharma-2026/results/ranking-2026-2028,2026-09-18T13:37:27.410507+00:00,False,2026,AZNAR Hugo,hugo-aznar,14,9.0,0.0,0.0
cycle_2026_2028,2026-2028,27,Equipo Kern Pharma,equipo-kern-pharma-2026,PRT,2926.0,2935.9,10.0,team/equipo-kern-pharma-2026/results/ranking-2026-2028,https://www.procyclingstats.com/team/equipo-kern-pharma-2026/results/ranking-2026-2028,2026-09-18T13:37:27.410507+00:00,False,2026,CARRASCOSA Pablo,pablo-carrascosa,15,8.0,0.0,0.0
cycle_2026_2028,2026-2028,27,Equipo Kern Pharma,equipo-kern-pharma-2026,PRT,2926.0,2935.9,10.0,team/equipo-kern-pharma-2026/results/ranking-2026-2028,https://www.procyclingstats.com/team/equipo-kern-pharma-2026/results/ranking-2026-2028,2026-09-18T13:37:27.410507+00:00,False,2026,MARTÍN José María,jose-maria-martin-munoz,16,5.0,0.0,0.0
cycle_2026_2028,2026-2028,27,Equipo Kern Pharma,equipo-kern-pharma-2026,PRT,2926.0,2935.9,10.0,team/equipo-kern-pharma-2026/results/ranking-2026-2028,https://www.procyclingstats.com/team/equipo-kern-pharma-2026/results/ranking-2026-2028,2026-09-18T13:37:27.410507+00:00,False,2026,SOTO Antonio Jesús,antonio-soto,17,3.0,0.0,0.0
cycle_2026_2028,2026-2028,27,Equipo Kern Pharma,equipo-kern-pharma-2026,PRT,2926.0,2935.9,10.0,team/equipo-kern-pharma-2026/results/ranking-2026-2028,https://www.procyclingstats.com/team/equipo-kern-pharma-2026/results/ranking-2026-2028,2026-09-18T13:37:27.410507+00:00,False,2026,AZANZA Ibai,ibai-azanza,18,0.7,0.0,0.0
cycle_2026_2028,2026-2028,27,Equipo Kern Pharma,equipo-kern-pharma-2026,PRT,2926.0,2935.9,10.0,team/equipo-kern-pharma-2026/results/ranking-2026-2028,https://www.procyclingstats.com/team/equipo-kern-pharma-2026/results/ranking-2026-2028,2026-09-18T13:37:27.410507+00:00,False,2026,RAMOS Unai,unai-ramos,19,0.0,0.0,10.0
cycle_2026_2028,2026-2028,28,Bardiani CSF 7 Saber,bardiani-csf-7-saber-2026,PRT,2384.0,2391.4,10.0,team/bardiani-csf-7-saber-2026/results/ranking-2026-2028,https://www.procyclingstats.com/team/bardiani-csf-7-saber-2026/results/ranking-2026-2028,2026-09-18T13:37:27.410507+00:00,False,2026,MARCELLUSI Martin,martin-marcellusi,1,280.4,0.0,5.0
cycle_2026_2028,2026-2028,28,Bardiani CSF 7 Saber,bardiani-csf-7-saber-2026,PRT,2384.0,2391.4,10.0,team/bardiani-csf-7-saber-2026/results/ranking-2026-2028,https://www.procyclingstats.com/team/bardiani-csf-7-saber-2026/results/ranking-2026-2028,2026-09-18T13:37:27.410507+00:00,False,2026,TSVETKOV Nikita,nikita-tsvetkov,2,277.0,0.0,5.0
cycle_2026_2028,2026-2028,28,Bardiani CSF 7 Saber,bardiani-csf-7-saber-2026,PRT,2384.0,2391.4,10.0,team/bardiani-csf-7-saber-2026/results/ranking-2026-2028,https://www.procyclingstats.com/team/bardiani-csf-7-saber-2026/results/ranking-2026-2028,2026-09-18T13:37:27.410507+00:00,False,2026,ZANONCELLO Enrico,enrico-zanoncello,3,273.4,0.0,0.0
cycle_2026_2028,2026-2028,28,Bardiani CSF 7 Saber,bardiani-csf-7-saber-2026,PRT,2384.0,2391.4,10.0,team/bardiani-csf-7-saber-2026/results/ranking-2026-2028,https://www.procyclingstats.com/team/bardiani-csf-7-saber-2026/results/ranking-2026-2028,2026-09-18T13:37:27.410507+00:00,False,2026,TOLIO Alex,alex-tolio,4,260.0,0.0,0.0
cycle_2026_2028,2026-2028,28,Bardiani CSF 7 Saber,bardiani-csf-7-saber-2026,PRT,2384.0,2391.4,10.0,team/bardiani-csf-7-saber-2026/results/ranking-2026-2028,https://www.procyclingstats.com/team/bardiani-csf-7-saber-2026/results/ranking-2026-2028,2026-09-18T13:37:27.410507+00:00,False,2026,COVILI Luca,luca-covili,5,244.0,0.0,0.0
cycle_2026_2028,2026-2028,28,Bardiani CSF 7 Saber,bardiani-csf-7-saber-2026,PRT,2384.0,2391.4,10.0,team/bardiani-csf-7-saber-2026/results/ranking-2026-2028,https://www.procyclingstats.com/team/bardiani-csf-7-saber-2026/results/ranking-2026-2028,2026-09-18T13:37:27.410507+00:00,False,2026,TURCONI Filippo,filippo-turconi,6,187.0,0.0,0.0
cycle_2026_2028,2026-2028,28,Bardiani CSF 7 Saber,bardiani-csf-7-saber-2026,PRT,2384.0,2391.4,10.0,team/bardiani-csf-7-saber-2026/results/ranking-2026-2028,https://www.procyclingstats.com/team/bardiani-csf-7-saber-2026/results/ranking-2026-2028,2026-09-18T13:37:27.410507+00:00,False,2026,MANENTI Marco,marco-manenti1,7,150.4,0.0,0.0
cycle_2026_2028,2026-2028,28,Bardiani CSF 7 Saber,bardiani-csf-7-saber-2026,PRT,2384.0,2391.4,10.0,team/bardiani-csf-7-saber-2026/results/ranking-2026-2028,https://www.procyclingstats.com/team/bardiani-csf-7-saber-2026/results/ranking-2026-2028,2026-09-18T13:37:27.410507+00:00,False,2026,MAGLI Filippo,filippo-magli2,8,146.0,0.0,0.0
cycle_2026_2028,2026-2028,28,Bardiani CSF 7 Saber,bardiani-csf-7-saber-2026,PRT,2384.0,2391.4,10.0,team/bardiani-csf-7-saber-2026/results/ranking-2026-2028,https://www.procyclingstats.com/team/bardiani-csf-7-saber-2026/results/ranking-2026-2028,2026-09-18T13:37:27.410507+00:00,False,2026,COLNAGHI Luca,luca-colnaghi,9,146.0,0.0,0.0
cycle_2026_2028,2026-2028,28,Bardiani CSF 7 Saber,bardiani-csf-7-saber-2026,PRT,2384.0,2391.4,10.0,team/bardiani-csf-7-saber-2026/results/ranking-2026-2028,https://www.procyclingstats.com/team/bardiani-csf-7-saber-2026/results/ranking-2026-2028,2026-09-18T13:37:27.410507+00:00,False,2026,PALETTI Luca,luca-paletti,10,98.0,0.0,0.0
cycle_2026_2028,2026-2028,28,Bardiani CSF 7 Saber,bardiani-csf-7-saber-2026,PRT,2384.0,2391.4,10.0,team/bardiani-csf-7-saber-2026/results/ranking-2026-2028,https://www.procyclingstats.com/team/bardiani-csf-7-saber-2026/results/ranking-2026-2028,2026-09-18T13:37:27.410507+00:00,False,2026,ROJAS Vicente,vicente-rojas,11,69.0,0.0,0.0
cycle_2026_2028,2026-2028,28,Bardiani CSF 7 Saber,bardiani-csf-7-saber-2026,PRT,2384.0,2391.4,10.0,team/bardiani-csf-7-saber-2026/results/ranking-2026-2028,https://www.procyclingstats.com/team/bardiani-csf-7-saber-2026/results/ranking-2026-2028,2026-09-18T13:37:27.410507+00:00,False,2026,CONFORTI Lorenzo,lorenzo-conforti,12,53.4,0.0,0.0
cycle_2026_2028,2026-2028,28,Bardiani CSF 7 Saber,bardiani-csf-7-saber-2026,PRT,2384.0,2391.4,10.0,team/bardiani-csf-7-saber-2026/results/ranking-2026-2028,https://www.procyclingstats.com/team/bardiani-csf-7-saber-2026/results/ranking-2026-2028,2026-09-18T13:37:27.410507+00:00,False,2026,TAROZZI Manuele,manuele-tarozzi,13,48.0,0.0,0.0
cycle_2026_2028,2026-2028,28,Bardiani CSF 7 Saber,bardiani-csf-7-saber-2026,PRT,2384.0,2391.4,10.0,team/bardiani-csf-7-saber-2026/results/ranking-2026-2028,https://www.procyclingstats.com/team/bardiani-csf-7-saber-2026/results/ranking-2026-2028,2026-09-18T13:37:27.410507+00:00,False,2026,ROSTOVTSEV Sergey,sergey-rostovtsev,14,43.0,0.0,0.0
cycle_2026_2028,2026-2028,28,Bardiani CSF 7 Saber,bardiani-csf-7-saber-2026,PRT,2384.0,2391.4,10.0,team/bardiani-csf-7-saber-2026/results/ranking-2026-2028,https://www.procyclingstats.com/team/bardiani-csf-7-saber-2026/results/ranking-2026-2028,2026-09-18T13:37:27.410507+00:00,False,2026,MARTINELLI Alessio,alessio-martinelli,15,37.0,0.0,0.0
cycle_2026_2028,2026-2028,28,Bardiani CSF 7 Saber,bardiani-csf-7-saber-2026,PRT,2384.0,2391.4,10.0,team/bardiani-csf-7-saber-2026/results/ranking-2026-2028,https://www.procyclingstats.com/team/bardiani-csf-7-saber-2026/results/ranking-2026-2028,2026-09-18T13:37:27.410507+00:00,False,2026,CETTOLIN Filippo,filippo-cettolin,16,25.0,0.0,0.0
cycle_2026_2028,2026-2028,28,Bardiani CSF 7 Saber,bardiani-csf-7-saber-2026,PRT,2384.0,2391.4,10.0,team/bardiani-csf-7-saber-2026/results/ranking-2026-2028,https://www.procyclingstats.com/team/bardiani-csf-7-saber-2026/results/ranking-2026-2028,2026-09-18T13:37:27.410507+00:00,False,2026,HERREÑO Martin Santiago,martin-santiago-herreno,17,20.0,0.0,0.0
cycle_2026_2028,2026-2028,28,Bardiani CSF 7 Saber,bardiani-csf-7-saber-2026,PRT,2384.0,2391.4,10.0,team/bardiani-csf-7-saber-2026/results/ranking-2026-2028,https://www.procyclingstats.com/team/bardiani-csf-7-saber-2026/results/ranking-2026-2028,2026-09-18T13:37:27.410507+00:00,False,2026,CRUZ Edward,edward-martinez-cruz,18,19.0,0.0,0.0
cycle_2026_2028,2026-2028,28,Bardiani CSF 7 Saber,bardiani-csf-7-saber-2026,PRT,2384.0,2391.4,10.0,team/bardiani-csf-7-saber-2026/results/ranking-2026-2028,https://www.procyclingstats.com/team/bardiani-csf-7-saber-2026/results/ranking-2026-2028,2026-09-18T13:37:27.410507+00:00,False,2026,PINAZZI Mattia,mattia-pinazzi,19,8.4,0.0,0.0
cycle_2026_2028,2026-2028,28,Bardiani CSF 7 Saber,bardiani-csf-7-saber-2026,PRT,2384.0,2391.4,10.0,team/bardiani-csf-7-saber-2026/results/ranking-2026-2028,https://www.procyclingstats.com/team/bardiani-csf-7-saber-2026/results/ranking-2026-2028,2026-09-18T13:37:27.410507+00:00,False,2026,FERRARO Santiago,santiago-ferraro,20,6.4,0.0,0.0
cycle_2026_2028,2026-2028,28,Bardiani CSF 7 Saber,bardiani-csf-7-saber-2026,PRT,2384.0,2391.4,10.0,team/bardiani-csf-7-saber-2026/results/ranking-2026-2028,https://www.procyclingstats.com/team/bardiani-csf-7-saber-2026/results/ranking-2026-2028,2026-09-18T13:37:27.410507+00:00,False,2026,STENICO Mattia,mattia-stenico,21,0.0,3.0,0.0
cycle_2026_2028,2026-2028,28,Bardiani CSF 7 Saber,bardiani-csf-7-saber-2026,PRT,2384.0,2391.4,10.0,team/bardiani-csf-7-saber-2026/results/ranking-2026-2028,https://www.procyclingstats.com/team/bardiani-csf-7-saber-2026/results/ranking-2026-2028,2026-09-18T13:37:27.410507+00:00,False,2026,MONTAGNER Andrea,andrea-montagner,22,0.0,0.0,0.0
cycle_2026_2028,2026-2028,29,MBH Bank CSB Telecom Fort,mbh-bank-csb-telecom-fort-2026,PRT,2383.0,2453.0,30.0,team/mbh-bank-csb-telecom-fort-2026/results/ranking-2026-2028,https://www.procyclingstats.com/team/mbh-bank-csb-telecom-fort-2026/results/ranking-2026-2028,2026-09-18T13:37:27.410507+00:00,False,2026,FANCELLU Alessandro,alessandro-fancellu,1,952.0,0.0,0.0
cycle_2026_2028,2026-2028,29,MBH Bank CSB Telecom Fort,mbh-bank-csb-telecom-fort-2026,PRT,2383.0,2453.0,30.0,team/mbh-bank-csb-telecom-fort-2026/results/ranking-2026-2028,https://www.procyclingstats.com/team/mbh-bank-csb-telecom-fort-2026/results/ranking-2026-2028,2026-09-18T13:37:27.410507+00:00,False,2026,VERRE Alessandro,alessandro-verre,2,240.0,0.0,0.0
cycle_2026_2028,2026-2028,29,MBH Bank CSB Telecom Fort,mbh-bank-csb-telecom-fort-2026,PRT,2383.0,2453.0,30.0,team/mbh-bank-csb-telecom-fort-2026/results/ranking-2026-2028,https://www.procyclingstats.com/team/mbh-bank-csb-telecom-fort-2026/results/ranking-2026-2028,2026-09-18T13:37:27.410507+00:00,False,2026,BUDZIŃSKI Marcin,marcin-budzinski,3,201.0,0.0,0.0
cycle_2026_2028,2026-2028,29,MBH Bank CSB Telecom Fort,mbh-bank-csb-telecom-fort-2026,PRT,2383.0,2453.0,30.0,team/mbh-bank-csb-telecom-fort-2026/results/ranking-2026-2028,https://www.procyclingstats.com/team/mbh-bank-csb-telecom-fort-2026/results/ranking-2026-2028,2026-09-18T13:37:27.410507+00:00,False,2026,TAKÁCS Zsombor,zsombor-tamas-takacs,4,161.0,0.0,20.0
cycle_2026_2028,2026-2028,29,MBH Bank CSB Telecom Fort,mbh-bank-csb-telecom-fort-2026,PRT,2383.0,2453.0,30.0,team/mbh-bank-csb-telecom-fort-2026/results/ranking-2026-2028,https://www.procyclingstats.com/team/mbh-bank-csb-telecom-fort-2026/results/ranking-2026-2028,2026-09-18T13:37:27.410507+00:00,False,2026,BAGATIN Christian,christian-bagatin,5,112.0,0.0,0.0
cycle_2026_2028,2026-2028,29,MBH Bank CSB Telecom Fort,mbh-bank-csb-telecom-fort-2026,PRT,2383.0,2453.0,30.0,team/mbh-bank-csb-telecom-fort-2026/results/ranking-2026-2028,https://www.procyclingstats.com/team/mbh-bank-csb-telecom-fort-2026/results/ranking-2026-2028,2026-09-18T13:37:27.410507+00:00,False,2026,BURATTI Nicolò,nicolo-buratti,6,106.0,0.0,0.0
cycle_2026_2028,2026-2028,29,MBH Bank CSB Telecom Fort,mbh-bank-csb-telecom-fort-2026,PRT,2383.0,2453.0,30.0,team/mbh-bank-csb-telecom-fort-2026/results/ranking-2026-2028,https://www.procyclingstats.com/team/mbh-bank-csb-telecom-fort-2026/results/ranking-2026-2028,2026-09-18T13:37:27.410507+00:00,False,2026,CRETTI Luca,luca-cretti,7,97.0,0.0,5.0
cycle_2026_2028,2026-2028,29,MBH Bank CSB Telecom Fort,mbh-bank-csb-telecom-fort-2026,PRT,2383.0,2453.0,30.0,team/mbh-bank-csb-telecom-fort-2026/results/ranking-2026-2028,https://www.procyclingstats.com/team/mbh-bank-csb-telecom-fort-2026/results/ranking-2026-2028,2026-09-18T13:37:27.410507+00:00,False,2026,PERSICO Davide,davide-persico,8,96.0,0.0,0.0
cycle_2026_2028,2026-2028,29,MBH Bank CSB Telecom Fort,mbh-bank-csb-telecom-fort-2026,PRT,2383.0,2453.0,30.0,team/mbh-bank-csb-telecom-fort-2026/results/ranking-2026-2028,https://www.procyclingstats.com/team/mbh-bank-csb-telecom-fort-2026/results/ranking-2026-2028,2026-09-18T13:37:27.410507+00:00,False,2026,MASNADA Fausto,fausto-masnada,9,92.0,0.0,0.0
cycle_2026_2028,2026-2028,29,MBH Bank CSB Telecom Fort,mbh-bank-csb-telecom-fort-2026,PRT,2383.0,2453.0,30.0,team/mbh-bank-csb-telecom-fort-2026/results/ranking-2026-2028,https://www.procyclingstats.com/team/mbh-bank-csb-telecom-fort-2026/results/ranking-2026-2028,2026-09-18T13:37:27.410507+00:00,False,2026,PEÁK Barnabás,barnabas-peak,10,90.0,0.0,0.0
cycle_2026_2028,2026-2028,29,MBH Bank CSB Telecom Fort,mbh-bank-csb-telecom-fort-2026,PRT,2383.0,2453.0,30.0,team/mbh-bank-csb-telecom-fort-2026/results/ranking-2026-2028,https://www.procyclingstats.com/team/mbh-bank-csb-telecom-fort-2026/results/ranking-2026-2028,2026-09-18T13:37:27.410507+00:00,False,2026,DINA Márton,marton-dina,11,80.0,0.0,0.0
cycle_2026_2028,2026-2028,29,MBH Bank CSB Telecom Fort,mbh-bank-csb-telecom-fort-2026,PRT,2383.0,2453.0,30.0,team/mbh-bank-csb-telecom-fort-2026/results/ranking-2026-2028,https://www.procyclingstats.com/team/mbh-bank-csb-telecom-fort-2026/results/ranking-2026-2028,2026-09-18T13:37:27.410507+00:00,False,2026,MASCIARELLI Lorenzo,lorenzo-masciarelli,12,59.0,0.0,0.0
cycle_2026_2028,2026-2028,29,MBH Bank CSB Telecom Fort,mbh-bank-csb-telecom-fort-2026,PRT,2383.0,2453.0,30.0,team/mbh-bank-csb-telecom-fort-2026/results/ranking-2026-2028,https://www.procyclingstats.com/team/mbh-bank-csb-telecom-fort-2026/results/ranking-2026-2028,2026-09-18T13:37:27.410507+00:00,False,2026,ZOCCARATO Samuele,samuele-zoccarato,13,55.0,0.0,0.0
cycle_2026_2028,2026-2028,29,MBH Bank CSB Telecom Fort,mbh-bank-csb-telecom-fort-2026,PRT,2383.0,2453.0,30.0,team/mbh-bank-csb-telecom-fort-2026/results/ranking-2026-2028,https://www.procyclingstats.com/team/mbh-bank-csb-telecom-fort-2026/results/ranking-2026-2028,2026-09-18T13:37:27.410507+00:00,False,2026,NESPOLI Lorenzo,lorenzo-nespoli,14,25.0,0.0,0.0
cycle_2026_2028,2026-2028,29,MBH Bank CSB Telecom Fort,mbh-bank-csb-telecom-fort-2026,PRT,2383.0,2453.0,30.0,team/mbh-bank-csb-telecom-fort-2026/results/ranking-2026-2028,https://www.procyclingstats.com/team/mbh-bank-csb-telecom-fort-2026/results/ranking-2026-2028,2026-09-18T13:37:27.410507+00:00,False,2026,GRUSZCZYŃSKI Filip,filip-gruszczynski,15,22.0,0.0,0.0
cycle_2026_2028,2026-2028,29,MBH Bank CSB Telecom Fort,mbh-bank-csb-telecom-fort-2026,PRT,2383.0,2453.0,30.0,team/mbh-bank-csb-telecom-fort-2026/results/ranking-2026-2028,https://www.procyclingstats.com/team/mbh-bank-csb-telecom-fort-2026/results/ranking-2026-2028,2026-09-18T13:37:27.410507+00:00,False,2026,AMBROSINI Matteo,matteo-ambrosini,16,22.0,0.0,0.0
cycle_2026_2028,2026-2028,29,MBH Bank CSB Telecom Fort,mbh-bank-csb-telecom-fort-2026,PRT,2383.0,2453.0,30.0,team/mbh-bank-csb-telecom-fort-2026/results/ranking-2026-2028,https://www.procyclingstats.com/team/mbh-bank-csb-telecom-fort-2026/results/ranking-2026-2028,2026-09-18T13:37:27.410507+00:00,False,2026,CIPOLLINI Edoardo,edoardo-cipollini,17,18.0,0.0,5.0
cycle_2026_2028,2026-2028,29,MBH Bank CSB Telecom Fort,mbh-bank-csb-telecom-fort-2026,PRT,2383.0,2453.0,30.0,team/mbh-bank-csb-telecom-fort-2026/results/ranking-2026-2028,https://www.procyclingstats.com/team/mbh-bank-csb-telecom-fort-2026/results/ranking-2026-2028,2026-09-18T13:37:27.410507+00:00,False,2026,VALENT Márk,mark-valent,18,13.0,0.0,0.0
cycle_2026_2028,2026-2028,29,MBH Bank CSB Telecom Fort,mbh-bank-csb-telecom-fort-2026,PRT,2383.0,2453.0,30.0,team/mbh-bank-csb-telecom-fort-2026/results/ranking-2026-2028,https://www.procyclingstats.com/team/mbh-bank-csb-telecom-fort-2026/results/ranking-2026-2028,2026-09-18T13:37:27.410507+00:00,False,2026,CHESINI Cesare,cesare-chesini,19,9.0,0.0,0.0
cycle_2026_2028,2026-2028,29,MBH Bank CSB Telecom Fort,mbh-bank-csb-telecom-fort-2026,PRT,2383.0,2453.0,30.0,team/mbh-bank-csb-telecom-fort-2026/results/ranking-2026-2028,https://www.procyclingstats.com/team/mbh-bank-csb-telecom-fort-2026/results/ranking-2026-2028,2026-09-18T13:37:27.410507+00:00,False,2026,BRACALENTE Diego,diego-bracalente,20,3.0,0.0,0.0
cycle_2026_2028,2026-2028,29,MBH Bank CSB Telecom Fort,mbh-bank-csb-telecom-fort-2026,PRT,2383.0,2453.0,30.0,team/mbh-bank-csb-telecom-fort-2026/results/ranking-2026-2028,https://www.procyclingstats.com/team/mbh-bank-csb-telecom-fort-2026/results/ranking-2026-2028,2026-09-18T13:37:27.410507+00:00,False,2026,KAJAMINI Florian Samuel,florian-samuel-kajamini,21,0.0,3.0,0.0
cycle_2026_2028,2026-2028,31,Euskaltel - Euskadi,euskaltel-euskadi-2026,PRT,2101.0,2104.2,65.0,team/euskaltel-euskadi-2026/results/ranking-2026-2028,https://www.procyclingstats.com/team/euskaltel-euskadi-2026/results/ranking-2026-2028,2026-09-18T13:37:27.410507+00:00,False,2026,BERASATEGI Xabier,xabier-berasategi-garmendia,1,444.0,0.0,0.0
cycle_2026_2028,2026-2028,31,Euskaltel - Euskadi,euskaltel-euskadi-2026,PRT,2101.0,2104.2,65.0,team/euskaltel-euskadi-2026/results/ranking-2026-2028,https://www.procyclingstats.com/team/euskaltel-euskadi-2026/results/ranking-2026-2028,2026-09-18T13:37:27.410507+00:00,False,2026,MARTÍN Gotzon,gotzon-martin,2,270.0,0.0,0.0
cycle_2026_2028,2026-2028,31,Euskaltel - Euskadi,euskaltel-euskadi-2026,PRT,2101.0,2104.2,65.0,team/euskaltel-euskadi-2026/results/ranking-2026-2028,https://www.procyclingstats.com/team/euskaltel-euskadi-2026/results/ranking-2026-2028,2026-09-18T13:37:27.410507+00:00,False,2026,VAN DER TUUK Axel,axel-van-der-tuuk,3,246.0,0.0,0.0
cycle_2026_2028,2026-2028,31,Euskaltel - Euskadi,euskaltel-euskadi-2026,PRT,2101.0,2104.2,65.0,team/euskaltel-euskadi-2026/results/ranking-2026-2028,https://www.procyclingstats.com/team/euskaltel-euskadi-2026/results/ranking-2026-2028,2026-09-18T13:37:27.410507+00:00,False,2026,HENNEQUIN Paul,paul-hennequin,4,165.0,0.0,0.0
cycle_2026_2028,2026-2028,31,Euskaltel - Euskadi,euskaltel-euskadi-2026,PRT,2101.0,2104.2,65.0,team/euskaltel-euskadi-2026/results/ranking-2026-2028,https://www.procyclingstats.com/team/euskaltel-euskadi-2026/results/ranking-2026-2028,2026-09-18T13:37:27.410507+00:00,False,2026,JUARISTI Txomin,txomin-juaristi,5,137.7,0.0,0.0
cycle_2026_2028,2026-2028,31,Euskaltel - Euskadi,euskaltel-euskadi-2026,PRT,2101.0,2104.2,65.0,team/euskaltel-euskadi-2026/results/ranking-2026-2028,https://www.procyclingstats.com/team/euskaltel-euskadi-2026/results/ranking-2026-2028,2026-09-18T13:37:27.410507+00:00,False,2026,LÓPEZ Jordi,jordi-lopez-caravaca,6,137.0,0.0,0.0
cycle_2026_2028,2026-2028,31,Euskaltel - Euskadi,euskaltel-euskadi-2026,PRT,2101.0,2104.2,65.0,team/euskaltel-euskadi-2026/results/ranking-2026-2028,https://www.procyclingstats.com/team/euskaltel-euskadi-2026/results/ranking-2026-2028,2026-09-18T13:37:27.410507+00:00,False,2026,BIZKARRA Mikel,mikel-bizkarra,7,122.0,0.0,0.0
cycle_2026_2028,2026-2028,31,Euskaltel - Euskadi,euskaltel-euskadi-2026,PRT,2101.0,2104.2,65.0,team/euskaltel-euskadi-2026/results/ranking-2026-2028,https://www.procyclingstats.com/team/euskaltel-euskadi-2026/results/ranking-2026-2028,2026-09-18T13:37:27.410507+00:00,False,2026,AGIRRE Jon,jon-agirre,8,122.0,0.0,50.0
cycle_2026_2028,2026-2028,31,Euskaltel - Euskadi,euskaltel-euskadi-2026,PRT,2101.0,2104.2,65.0,team/euskaltel-euskadi-2026/results/ranking-2026-2028,https://www.procyclingstats.com/team/euskaltel-euskadi-2026/results/ranking-2026-2028,2026-09-18T13:37:27.410507+00:00,False,2026,MURGUIALDAY Jokin,jokin-murguialday-elorza,9,108.0,0.0,15.0
cycle_2026_2028,2026-2028,31,Euskaltel - Euskadi,euskaltel-euskadi-2026,PRT,2101.0,2104.2,65.0,team/euskaltel-euskadi-2026/results/ranking-2026-2028,https://www.procyclingstats.com/team/euskaltel-euskadi-2026/results/ranking-2026-2028,2026-09-18T13:37:27.410507+00:00,False,2026,LASTRA Jonathan,jonathan-lastra,10,99.0,0.0,0.0
cycle_2026_2028,2026-2028,31,Euskaltel - Euskadi,euskaltel-euskadi-2026,PRT,2101.0,2104.2,65.0,team/euskaltel-euskadi-2026/results/ranking-2026-2028,https://www.procyclingstats.com/team/euskaltel-euskadi-2026/results/ranking-2026-2028,2026-09-18T13:37:27.410507+00:00,False,2026,MINTEGI Iker,iker-mintegi-claver,11,63.0,0.0,0.0
cycle_2026_2028,2026-2028,31,Euskaltel - Euskadi,euskaltel-euskadi-2026,PRT,2101.0,2104.2,65.0,team/euskaltel-euskadi-2026/results/ranking-2026-2028,https://www.procyclingstats.com/team/euskaltel-euskadi-2026/results/ranking-2026-2028,2026-09-18T13:37:27.410507+00:00,False,2026,SUTTON Louis,louis-sutton,12,63.0,0.0,0.0
cycle_2026_2028,2026-2028,31,Euskaltel - Euskadi,euskaltel-euskadi-2026,PRT,2101.0,2104.2,65.0,team/euskaltel-euskadi-2026/results/ranking-2026-2028,https://www.procyclingstats.com/team/euskaltel-euskadi-2026/results/ranking-2026-2028,2026-09-18T13:37:27.410507+00:00,False,2026,ISASA Xabier,xabier-isasa-larranaga,13,47.7,0.0,0.0
cycle_2026_2028,2026-2028,31,Euskaltel - Euskadi,euskaltel-euskadi-2026,PRT,2101.0,2104.2,65.0,team/euskaltel-euskadi-2026/results/ranking-2026-2028,https://www.procyclingstats.com/team/euskaltel-euskadi-2026/results/ranking-2026-2028,2026-09-18T13:37:27.410507+00:00,False,2026,UGARTE Gari,gari-ugarte,14,31.7,0.0,0.0
cycle_2026_2028,2026-2028,31,Euskaltel - Euskadi,euskaltel-euskadi-2026,PRT,2101.0,2104.2,65.0,team/euskaltel-euskadi-2026/results/ranking-2026-2028,https://www.procyclingstats.com/team/euskaltel-euskadi-2026/results/ranking-2026-2028,2026-09-18T13:37:27.410507+00:00,False,2026,ALUSTIZA Nicolás,nicolas-alustiza,15,24.0,0.0,0.0
cycle_2026_2028,2026-2028,31,Euskaltel - Euskadi,euskaltel-euskadi-2026,PRT,2101.0,2104.2,65.0,team/euskaltel-euskadi-2026/results/ranking-2026-2028,https://www.procyclingstats.com/team/euskaltel-euskadi-2026/results/ranking-2026-2028,2026-09-18T13:37:27.410507+00:00,False,2026,MUÑOZ Hodei,hodei-munoz,16,10.0,0.0,0.0
cycle_2026_2028,2026-2028,31,Euskaltel - Euskadi,euskaltel-euskadi-2026,PRT,2101.0,2104.2,65.0,team/euskaltel-euskadi-2026/results/ranking-2026-2028,https://www.procyclingstats.com/team/euskaltel-euskadi-2026/results/ranking-2026-2028,2026-09-18T13:37:27.410507+00:00,False,2026,MARTÍN Marco,marco-martin-cuevas,17,6.0,0.0,0.0
cycle_2026_2028,2026-2028,31,Euskaltel - Euskadi,euskaltel-euskadi-2026,PRT,2101.0,2104.2,65.0,team/euskaltel-euskadi-2026/results/ranking-2026-2028,https://www.procyclingstats.com/team/euskaltel-euskadi-2026/results/ranking-2026-2028,2026-09-18T13:37:27.410507+00:00,False,2026,VAN DER TUUK Danny,danny-van-der-tuuk,18,3.7,0.0,0.0
cycle_2026_2028,2026-2028,31,Euskaltel - Euskadi,euskaltel-euskadi-2026,PRT,2101.0,2104.2,65.0,team/euskaltel-euskadi-2026/results/ranking-2026-2028,https://www.procyclingstats.com/team/euskaltel-euskadi-2026/results/ranking-2026-2028,2026-09-18T13:37:27.410507+00:00,False,2026,AGUIRRE Yago,yago-aguirre,19,3.7,0.0,0.0
cycle_2026_2028,2026-2028,31,Euskaltel - Euskadi,euskaltel-euskadi-2026,PRT,2101.0,2104.2,65.0,team/euskaltel-euskadi-2026/results/ranking-2026-2028,https://www.procyclingstats.com/team/euskaltel-euskadi-2026/results/ranking-2026-2028,2026-09-18T13:37:27.410507+00:00,False,2026,FERNÁNDEZ Samuel,samuel-fernandez-heres,20,0.7,0.0,0.0
cycle_2026_2028,2026-2028,31,Euskaltel - Euskadi,euskaltel-euskadi-2026,PRT,2101.0,2104.2,65.0,team/euskaltel-euskadi-2026/results/ranking-2026-2028,https://www.procyclingstats.com/team/euskaltel-euskadi-2026/results/ranking-2026-2028,2026-09-18T13:37:27.410507+00:00,False,2026,AZNAR Unai,unai-aznar-vijuesca,21,0.0,1.0,0.0
cycle_2026_2028,2026-2028,32,Modern Adventure Pro Cycling,modern-adventure-pro-cycling-2026,PRT,1305.0,1311.0,45.0,team/modern-adventure-pro-cycling-2026/results/ranking-2026-2028,https://www.procyclingstats.com/team/modern-adventure-pro-cycling-2026/results/ranking-2026-2028,2026-09-18T13:37:27.410507+00:00,False,2026,OLIVER Ben,ben-oliver,1,449.0,0.0,0.0
cycle_2026_2028,2026-2028,32,Modern Adventure Pro Cycling,modern-adventure-pro-cycling-2026,PRT,1305.0,1311.0,45.0,team/modern-adventure-pro-cycling-2026/results/ranking-2026-2028,https://www.procyclingstats.com/team/modern-adventure-pro-cycling-2026/results/ranking-2026-2028,2026-09-18T13:37:27.410507+00:00,False,2026,MUNTON Byron,byron-munton,2,290.0,0.0,0.0
cycle_2026_2028,2026-2028,32,Modern Adventure Pro Cycling,modern-adventure-pro-cycling-2026,PRT,1305.0,1311.0,45.0,team/modern-adventure-pro-cycling-2026/results/ranking-2026-2028,https://www.procyclingstats.com/team/modern-adventure-pro-cycling-2026/results/ranking-2026-2028,2026-09-18T13:37:27.410507+00:00,False,2026,DE BOD Stefan,stefan-de-bod,3,234.0,0.0,0.0
cycle_2026_2028,2026-2028,32,Modern Adventure Pro Cycling,modern-adventure-pro-cycling-2026,PRT,1305.0,1311.0,45.0,team/modern-adventure-pro-cycling-2026/results/ranking-2026-2028,https://www.procyclingstats.com/team/modern-adventure-pro-cycling-2026/results/ranking-2026-2028,2026-09-18T13:37:27.410507+00:00,False,2026,HAUG Kieran,kieran-haug,4,85.0,0.0,0.0
cycle_2026_2028,2026-2028,32,Modern Adventure Pro Cycling,modern-adventure-pro-cycling-2026,PRT,1305.0,1311.0,45.0,team/modern-adventure-pro-cycling-2026/results/ranking-2026-2028,https://www.procyclingstats.com/team/modern-adventure-pro-cycling-2026/results/ranking-2026-2028,2026-09-18T13:37:27.410507+00:00,False,2026,HAYTER Leo,leo-hayter,5,53.0,0.0,0.0
cycle_2026_2028,2026-2028,32,Modern Adventure Pro Cycling,modern-adventure-pro-cycling-2026,PRT,1305.0,1311.0,45.0,team/modern-adventure-pro-cycling-2026/results/ranking-2026-2028,https://www.procyclingstats.com/team/modern-adventure-pro-cycling-2026/results/ranking-2026-2028,2026-09-18T13:37:27.410507+00:00,False,2026,STITES Tyler,tyler-stites,6,48.0,0.0,0.0
cycle_2026_2028,2026-2028,32,Modern Adventure Pro Cycling,modern-adventure-pro-cycling-2026,PRT,1305.0,1311.0,45.0,team/modern-adventure-pro-cycling-2026/results/ranking-2026-2028,https://www.procyclingstats.com/team/modern-adventure-pro-cycling-2026/results/ranking-2026-2028,2026-09-18T13:37:27.410507+00:00,False,2026,PICKRELL Riley,riley-pickrell,7,43.0,0.0,15.0
cycle_2026_2028,2026-2028,32,Modern Adventure Pro Cycling,modern-adventure-pro-cycling-2026,PRT,1305.0,1311.0,45.0,team/modern-adventure-pro-cycling-2026/results/ranking-2026-2028,https://www.procyclingstats.com/team/modern-adventure-pro-cycling-2026/results/ranking-2026-2028,2026-09-18T13:37:27.410507+00:00,False,2026,CAUDELL Ezra,ezra-caudell,8,41.0,0.0,0.0
cycle_2026_2028,2026-2028,32,Modern Adventure Pro Cycling,modern-adventure-pro-cycling-2026,PRT,1305.0,1311.0,45.0,team/modern-adventure-pro-cycling-2026/results/ranking-2026-2028,https://www.procyclingstats.com/team/modern-adventure-pro-cycling-2026/results/ranking-2026-2028,2026-09-18T13:37:27.410507+00:00,False,2026,FLÓREZ Samuel,samuel-florez-garces,9,30.0,0.0,0.0
cycle_2026_2028,2026-2028,32,Modern Adventure Pro Cycling,modern-adventure-pro-cycling-2026,PRT,1305.0,1311.0,45.0,team/modern-adventure-pro-cycling-2026/results/ranking-2026-2028,https://www.procyclingstats.com/team/modern-adventure-pro-cycling-2026/results/ranking-2026-2028,2026-09-18T13:37:27.410507+00:00,False,2026,WRIGHT Paul,paul-wright,10,16.0,0.0,0.0
cycle_2026_2028,2026-2028,32,Modern Adventure Pro Cycling,modern-adventure-pro-cycling-2026,PRT,1305.0,1311.0,45.0,team/modern-adventure-pro-cycling-2026/results/ranking-2026-2028,https://www.procyclingstats.com/team/modern-adventure-pro-cycling-2026/results/ranking-2026-2028,2026-09-18T13:37:27.410507+00:00,False,2026,MCGILL Scott,scott-mcgill,11,14.0,0.0,0.0
cycle_2026_2028,2026-2028,32,Modern Adventure Pro Cycling,modern-adventure-pro-cycling-2026,PRT,1305.0,1311.0,45.0,team/modern-adventure-pro-cycling-2026/results/ranking-2026-2028,https://www.procyclingstats.com/team/modern-adventure-pro-cycling-2026/results/ranking-2026-2028,2026-09-18T13:37:27.410507+00:00,False,2026,LÓPEZ Ian,ian-lopez,12,5.0,0.0,15.0
cycle_2026_2028,2026-2028,32,Modern Adventure Pro Cycling,modern-adventure-pro-cycling-2026,PRT,1305.0,1311.0,45.0,team/modern-adventure-pro-cycling-2026/results/ranking-2026-2028,https://www.procyclingstats.com/team/modern-adventure-pro-cycling-2026/results/ranking-2026-2028,2026-09-18T13:37:27.410507+00:00,False,2026,STEWART Mark,mark-stewart,13,2.0,0.0,0.0
cycle_2026_2028,2026-2028,32,Modern Adventure Pro Cycling,modern-adventure-pro-cycling-2026,PRT,1305.0,1311.0,45.0,team/modern-adventure-pro-cycling-2026/results/ranking-2026-2028,https://www.procyclingstats.com/team/modern-adventure-pro-cycling-2026/results/ranking-2026-2028,2026-09-18T13:37:27.410507+00:00,False,2026,KESSLER Cole,cole-kessler,14,1.0,0.0,0.0
cycle_2026_2028,2026-2028,32,Modern Adventure Pro Cycling,modern-adventure-pro-cycling-2026,PRT,1305.0,1311.0,45.0,team/modern-adventure-pro-cycling-2026/results/ranking-2026-2028,https://www.procyclingstats.com/team/modern-adventure-pro-cycling-2026/results/ranking-2026-2028,2026-09-18T13:37:27.410507+00:00,False,2026,CARPENTER Robin,robin-carpenter,15,0.0,0.0,0.0
cycle_2026_2028,2026-2028,32,Modern Adventure Pro Cycling,modern-adventure-pro-cycling-2026,PRT,1305.0,1311.0,45.0,team/modern-adventure-pro-cycling-2026/results/ranking-2026-2028,https://www.procyclingstats.com/team/modern-adventure-pro-cycling-2026/results/ranking-2026-2028,2026-09-18T13:37:27.410507+00:00,False,2026,SCALA Hugo,hugo-scala,16,0.0,0.0,15.0
cycle_2026_2028,2026-2028,33,Team Flanders - Baloise,team-flanders-baloise-2026,PRT,918.0,929.2,15.0,team/team-flanders-baloise-2026/results/ranking-2026-2028,https://www.procyclingstats.com/team/team-flanders-baloise-2026/results/ranking-2026-2028,2026-09-18T13:37:27.410507+00:00,False,2026,CRABBE Tom,tom-crabbe,1,242.0,0.0,0.0
cycle_2026_2028,2026-2028,33,Team Flanders - Baloise,team-flanders-baloise-2026,PRT,918.0,929.2,15.0,team/team-flanders-baloise-2026/results/ranking-2026-2028,https://www.procyclingstats.com/team/team-flanders-baloise-2026/results/ranking-2026-2028,2026-09-18T13:37:27.410507+00:00,False,2026,LAMBRECHT Michiel,michiel-lambrecht,2,102.0,0.0,0.0
cycle_2026_2028,2026-2028,33,Team Flanders - Baloise,team-flanders-baloise-2026,PRT,918.0,929.2,15.0,team/team-flanders-baloise-2026/results/ranking-2026-2028,https://www.procyclingstats.com/team/team-flanders-baloise-2026/results/ranking-2026-2028,2026-09-18T13:37:27.410507+00:00,False,2026,VAN HEMELEN Vincent,vincent-van-hemelen,3,81.0,0.0,0.0
cycle_2026_2028,2026-2028,33,Team Flanders - Baloise,team-flanders-baloise-2026,PRT,918.0,929.2,15.0,team/team-flanders-baloise-2026/results/ranking-2026-2028,https://www.procyclingstats.com/team/team-flanders-baloise-2026/results/ranking-2026-2028,2026-09-18T13:37:27.410507+00:00,False,2026,THONNON Senne,senne-thonnon,4,80.0,0.0,0.0
cycle_2026_2028,2026-2028,33,Team Flanders - Baloise,team-flanders-baloise-2026,PRT,918.0,929.2,15.0,team/team-flanders-baloise-2026/results/ranking-2026-2028,https://www.procyclingstats.com/team/team-flanders-baloise-2026/results/ranking-2026-2028,2026-09-18T13:37:27.410507+00:00,False,2026,HESTERS Jules,jules-hesters,5,69.0,0.0,0.0
cycle_2026_2028,2026-2028,33,Team Flanders - Baloise,team-flanders-baloise-2026,PRT,918.0,929.2,15.0,team/team-flanders-baloise-2026/results/ranking-2026-2028,https://www.procyclingstats.com/team/team-flanders-baloise-2026/results/ranking-2026-2028,2026-09-18T13:37:27.410507+00:00,False,2026,MARIS Elias,elias-maris,6,61.0,0.0,0.0
cycle_2026_2028,2026-2028,33,Team Flanders - Baloise,team-flanders-baloise-2026,PRT,918.0,929.2,15.0,team/team-flanders-baloise-2026/results/ranking-2026-2028,https://www.procyclingstats.com/team/team-flanders-baloise-2026/results/ranking-2026-2028,2026-09-18T13:37:27.410507+00:00,False,2026,VANDENABEELE Henri,henri-vandenabeele,7,60.0,0.0,0.0
cycle_2026_2028,2026-2028,33,Team Flanders - Baloise,team-flanders-baloise-2026,PRT,918.0,929.2,15.0,team/team-flanders-baloise-2026/results/ranking-2026-2028,https://www.procyclingstats.com/team/team-flanders-baloise-2026/results/ranking-2026-2028,2026-09-18T13:37:27.410507+00:00,False,2026,LANHOVE Milan,milan-lanhove,8,54.0,0.0,0.0
cycle_2026_2028,2026-2028,33,Team Flanders - Baloise,team-flanders-baloise-2026,PRT,918.0,929.2,15.0,team/team-flanders-baloise-2026/results/ranking-2026-2028,https://www.procyclingstats.com/team/team-flanders-baloise-2026/results/ranking-2026-2028,2026-09-18T13:37:27.410507+00:00,False,2026,DEWEIRDT Siebe,siebe-deweirdt,9,52.7,0.0,0.0
cycle_2026_2028,2026-2028,33,Team Flanders - Baloise,team-flanders-baloise-2026,PRT,918.0,929.2,15.0,team/team-flanders-baloise-2026/results/ranking-2026-2028,https://www.procyclingstats.com/team/team-flanders-baloise-2026/results/ranking-2026-2028,2026-09-18T13:37:27.410507+00:00,False,2026,VANHOOF Ward,ward-vanhoof,10,51.7,0.0,0.0
cycle_2026_2028,2026-2028,33,Team Flanders - Baloise,team-flanders-baloise-2026,PRT,918.0,929.2,15.0,team/team-flanders-baloise-2026/results/ranking-2026-2028,https://www.procyclingstats.com/team/team-flanders-baloise-2026/results/ranking-2026-2028,2026-09-18T13:37:27.410507+00:00,False,2026,VANDENSTORME Dylan,dylan-vandenstorme,11,21.0,0.0,0.0
cycle_2026_2028,2026-2028,33,Team Flanders - Baloise,team-flanders-baloise-2026,PRT,918.0,929.2,15.0,team/team-flanders-baloise-2026/results/ranking-2026-2028,https://www.procyclingstats.com/team/team-flanders-baloise-2026/results/ranking-2026-2028,2026-09-18T13:37:27.410507+00:00,False,2026,VAN HAUTEGEM Leander,leander-van-hautegem,12,21.0,0.0,0.0
cycle_2026_2028,2026-2028,33,Team Flanders - Baloise,team-flanders-baloise-2026,PRT,918.0,929.2,15.0,team/team-flanders-baloise-2026/results/ranking-2026-2028,https://www.procyclingstats.com/team/team-flanders-baloise-2026/results/ranking-2026-2028,2026-09-18T13:37:27.410507+00:00,False,2026,DEMAN Brem,brem-deman,13,14.7,0.0,0.0
cycle_2026_2028,2026-2028,33,Team Flanders - Baloise,team-flanders-baloise-2026,PRT,918.0,929.2,15.0,team/team-flanders-baloise-2026/results/ranking-2026-2028,https://www.procyclingstats.com/team/team-flanders-baloise-2026/results/ranking-2026-2028,2026-09-18T13:37:27.410507+00:00,False,2026,HUYSMANS Nolan,nolan-huysmans,14,9.7,0.0,0.0
cycle_2026_2028,2026-2028,33,Team Flanders - Baloise,team-flanders-baloise-2026,PRT,918.0,929.2,15.0,team/team-flanders-baloise-2026/results/ranking-2026-2028,https://www.procyclingstats.com/team/team-flanders-baloise-2026/results/ranking-2026-2028,2026-09-18T13:37:27.410507+00:00,False,2026,GEERAERTS Ferre,ferre-geeraerts,15,7.7,0.0,0.0
cycle_2026_2028,2026-2028,33,Team Flanders - Baloise,team-flanders-baloise-2026,PRT,918.0,929.2,15.0,team/team-flanders-baloise-2026/results/ranking-2026-2028,https://www.procyclingstats.com/team/team-flanders-baloise-2026/results/ranking-2026-2028,2026-09-18T13:37:27.410507+00:00,False,2026,VERCOUILLIE Victor,victor-vercouillie,16,1.7,0.0,0.0
cycle_2026_2028,2026-2028,33,Team Flanders - Baloise,team-flanders-baloise-2026,PRT,918.0,929.2,15.0,team/team-flanders-baloise-2026/results/ranking-2026-2028,https://www.procyclingstats.com/team/team-flanders-baloise-2026/results/ranking-2026-2028,2026-09-18T13:37:27.410507+00:00,False,2026,TORNEY Artuur,artuur-torney,17,0.0,0.0,15.0
cycle_2026_2028,2026-2028,34,Team Novo Nordisk,team-novo-nordisk-2026,PRT,13.0,28.0,15.0,team/team-novo-nordisk-2026/results/ranking-2026-2028,https://www.procyclingstats.com/team/team-novo-nordisk-2026/results/ranking-2026-2028,2026-09-18T13:37:27.410507+00:00,False,2026,RIDOLFO Filippo,filippo-ridolfo,1,25.0,0.0,0.0
cycle_2026_2028,2026-2028,34,Team Novo Nordisk,team-novo-nordisk-2026,PRT,13.0,28.0,15.0,team/team-novo-nordisk-2026/results/ranking-2026-2028,https://www.procyclingstats.com/team/team-novo-nordisk-2026/results/ranking-2026-2028,2026-09-18T13:37:27.410507+00:00,False,2026,WATTELLE Célestin,celestin-wattelle,2,3.0,0.0,0.0
cycle_2026_2028,2026-2028,34,Team Novo Nordisk,team-novo-nordisk-2026,PRT,13.0,28.0,15.0,team/team-novo-nordisk-2026/results/ranking-2026-2028,https://www.procyclingstats.com/team/team-novo-nordisk-2026/results/ranking-2026-2028,2026-09-18T13:37:27.410507+00:00,False,2026,LOZANO David,david-lozano-riba,3,0.0,0.0,15.0
